time,0
1854-01-15,-0.16530418
1854-02-15,-0.0011634827
1854-03-15,0.49702644
1854-04-15,0.7359867
1854-05-15,0.7208767
1854-06-15,0.20790672
1854-07-15,-0.38127327
1854-08-15,-0.6822243
1854-09-15,-0.36624336
1854-10-15,-0.07469368
1854-11-15,-0.05165291
1854-12-15,-0.11412239
1855-01-15,-0.14721298
1855-02-15,0.09276581
1855-03-15,0.2996559
1855-04-15,0.5259571
1855-05-15,0.3755169
1855-06-15,-0.03726387
1855-07-15,-0.5172634
1855-08-15,-0.53456306
1855-09-15,-0.27088356
1855-10-15,0.02046585
1855-11-15,0.15160751
1855-12-15,0.09158707
1856-01-15,0.026126862
1856-02-15,0.12814713
1856-03-15,0.38074684
1856-04-15,0.51919746
1856-05-15,0.40516663
1856-06-15,0.088315964
1856-07-15,-0.5115032
1856-08-15,-0.778553
1856-09-15,-0.6585331
1856-10-15,-0.45531273
1856-11-15,-0.4234028
1856-12-15,-0.58686256
1857-01-15,-0.5764637
1857-02-15,-0.37888336
1857-03-15,-0.18315315
1857-04-15,0.16453743
1857-05-15,0.20406723
1857-06-15,-0.07248306
1857-07-15,-0.43256378
1857-08-15,-0.6727028
1857-09-15,-0.47222328
1857-10-15,-0.2742138
1857-11-15,-0.17614365
1857-12-15,-0.31907272
1858-01-15,-0.34714317
1858-02-15,-0.21609306
1858-03-15,0.18817711
1858-04-15,0.35923576
1858-05-15,0.24269676
1858-06-15,0.0121974945
1858-07-15,-0.35770416
1858-08-15,-0.5335331
1858-09-15,-0.39904404
1858-10-15,-0.28256416
1858-11-15,0.03451729
1858-12-15,-0.12480354
1859-01-15,-0.06258392
1859-02-15,0.0888958
1859-03-15,0.4028473
1859-04-15,0.5971165
1859-05-15,0.5854168
1859-06-15,0.111206055
1859-07-15,-0.24874306
1859-08-15,-0.46741295
1859-09-15,-0.3592739
1859-10-15,-0.28562355
1859-11-15,-0.025493622
1859-12-15,0.012306213
1860-01-15,-0.019163132
1860-02-15,0.073856354
1860-03-15,0.36125755
1860-04-15,0.42253685
1860-05-15,0.3544674
1860-06-15,-0.032823563
1860-07-15,-0.40379333
1860-08-15,-0.6454334
1860-09-15,-0.6027832
1860-10-15,-0.6012325
1860-11-15,-0.5171833
1860-12-15,-0.5079441
1861-01-15,-0.7388325
1861-02-15,-0.5848942
1861-03-15,-0.26148415
1861-04-15,0.17980576
1861-05-15,0.11454582
1861-06-15,-0.28137398
1861-07-15,-0.51761246
1861-08-15,-0.65115356
1861-09-15,-0.5067539
1861-10-15,-0.43914413
1861-11-15,-0.29265404
1861-12-15,-0.3142643
1862-01-15,-0.49241257
1862-02-15,-0.38586426
1862-03-15,0.030586243
1862-04-15,0.2663269
1862-05-15,0.1201458
1862-06-15,-0.15169334
1862-07-15,-0.62325287
1862-08-15,-0.78448296
1862-09-15,-0.5058441
1862-10-15,-0.37873268
1862-11-15,-0.21977425
1862-12-15,-0.3784237
1863-01-15,-0.31479263
1863-02-15,-0.024124146
1863-03-15,0.15159607
1863-04-15,0.2906971
1863-05-15,0.31155586
1863-06-15,-0.1897335
1863-07-15,-0.56342316
1863-08-15,-0.75686264
1863-09-15,-0.6164932
1863-10-15,-0.33895302
1863-11-15,-0.20452309
1863-12-15,0.11280632
1864-01-15,-0.24684334
1864-02-15,-0.1614132
1864-03-15,0.085487366
1864-04-15,0.32105637
1864-05-15,0.2981472
1864-06-15,0.023326874
1864-07-15,-0.29766273
1864-08-15,-0.6485424
1864-09-15,-0.61922264
1864-10-15,-0.26995277
1864-11-15,0.035116196
1864-12-15,0.1320858
1865-01-15,-0.19994354
1865-02-15,0.052427292
1865-03-15,0.39733696
1865-04-15,0.5871868
1865-05-15,0.505846
1865-06-15,0.07232666
1865-07-15,-0.37441254
1865-08-15,-0.57146263
1865-09-15,-0.4793625
1865-10-15,-0.25598335
1865-11-15,-0.027713776
1865-12-15,0.00746727
1866-01-15,0.11623573
1866-02-15,0.3652668
1866-03-15,0.5369568
1866-04-15,0.6009464
1866-05-15,0.3703575
1866-06-15,0.026586533
1866-07-15,-0.29044342
1866-08-15,-0.4865837
1866-09-15,-0.6269226
1866-10-15,-0.15901375
1866-11-15,0.06738663
1866-12-15,-0.1744442
1867-01-15,-0.24054337
1867-02-15,0.07456589
1867-03-15,0.3173275
1867-04-15,0.39872742
1867-05-15,0.5327263
1867-06-15,0.12383652
1867-07-15,-0.35528374
1867-08-15,-0.47598267
1867-09-15,-0.26226425
1867-10-15,-0.24911308
1867-11-15,-0.15162277
1867-12-15,-0.43302345
1868-01-15,-0.57839394
1868-02-15,-0.15372276
1868-03-15,0.29668617
1868-04-15,0.5593662
1868-05-15,0.6172161
1868-06-15,0.15461731
1868-07-15,-0.36762428
1868-08-15,-0.5400429
1868-09-15,-0.4747734
1868-10-15,-0.21277428
1868-11-15,-0.07388306
1868-12-15,-0.06466293
1869-01-15,-0.13010406
1869-02-15,-0.07102394
1869-03-15,0.35424614
1869-04-15,0.583477
1869-05-15,0.6483574
1869-06-15,0.2435875
1869-07-15,-0.2846241
1869-08-15,-0.71188354
1869-09-15,-0.60349274
1869-10-15,-0.3862133
1869-11-15,-0.00724411
1869-12-15,-0.20702362
1870-01-15,-0.10077286
1870-02-15,-0.01563263
1870-03-15,0.26212692
1870-04-15,0.47937584
1870-05-15,0.3248768
1870-06-15,-0.14082336
1870-07-15,-0.54606247
1870-08-15,-0.56061363
1870-09-15,-0.5716934
1870-10-15,-0.5383339
1870-11-15,-0.33335304
1870-12-15,-0.37573242
1871-01-15,-0.36750412
1871-02-15,-0.14681244
1871-03-15,0.35886574
1871-04-15,0.62851715
1871-05-15,0.5109558
1871-06-15,0.10267639
1871-07-15,-0.2299633
1871-08-15,-0.6198635
1871-09-15,-0.5827942
1871-10-15,-0.40200424
1871-11-15,-0.13594246
1871-12-15,-0.19927406
1872-01-15,-0.26869392
1872-02-15,-0.13236427
1872-03-15,0.10339737
1872-04-15,0.26904678
1872-05-15,0.26379585
1872-06-15,-0.02983284
1872-07-15,-0.33459282
1872-08-15,-0.6297035
1872-09-15,-0.67601395
1872-10-15,-0.46164322
1872-11-15,-0.30686378
1872-12-15,-0.46071243
1873-01-15,-0.33118248
1873-02-15,-0.3007126
1873-03-15,-0.12314415
1873-04-15,0.061466217
1873-05-15,0.20036697
1873-06-15,-0.15053368
1873-07-15,-0.46547318
1873-08-15,-0.7105942
1873-09-15,-0.5418625
1873-10-15,-0.3972931
1873-11-15,-0.23660278
1873-12-15,-0.29079247
1874-01-15,-0.3854332
1874-02-15,-0.21907425
1874-03-15,-0.04426384
1874-04-15,0.15802574
1874-05-15,-0.028593063
1874-06-15,-0.2648239
1874-07-15,-0.5272827
1874-08-15,-0.6492424
1874-09-15,-0.7168331
1874-10-15,-0.61958313
1874-11-15,-0.53484344
1874-12-15,-0.4210739
1875-01-15,-0.27705383
1875-02-15,-0.08351326
1875-03-15,0.18832588
1875-04-15,0.36681747
1875-05-15,0.27145576
1875-06-15,-0.18714333
1875-07-15,-0.561203
1875-08-15,-0.7647724
1875-09-15,-0.54239273
1875-10-15,-0.2644043
1875-11-15,-0.087682724
1875-12-15,-0.12478256
1876-01-15,-0.3062439
1876-02-15,-0.28665352
1876-03-15,0.0636673
1876-04-15,0.1867466
1876-05-15,0.02510643
1876-06-15,-0.12271309
1876-07-15,-0.5362625
1876-08-15,-0.7199726
1876-09-15,-0.7028427
1876-10-15,-0.37007332
1876-11-15,-0.15088272
1876-12-15,-0.08708382
1877-01-15,-0.13424301
1877-02-15,0.092796326
1877-03-15,0.38210678
1877-04-15,0.75637627
1877-05-15,0.755476
1877-06-15,0.4377575
1877-07-15,0.1639576
1877-08-15,-0.013134003
1877-09-15,0.26862717
1877-10-15,0.5324459
1877-11-15,0.6633072
1877-12-15,0.6997967
1878-01-15,0.6804676
1878-02-15,0.8273964
1878-03-15,0.9418068
1878-04-15,1.0498161
1878-05-15,1.0140667
1878-06-15,0.48674583
1878-07-15,-0.034893036
1878-08-15,-0.24647331
1878-09-15,-0.19095421
1878-10-15,-0.03352356
1878-11-15,-0.05690384
1878-12-15,-0.013433456
1879-01-15,-0.101213455
1879-02-15,0.09404755
1879-03-15,0.27848625
1879-04-15,0.52996635
1879-05-15,0.46172714
1879-06-15,0.052547455
1879-07-15,-0.3734436
1879-08-15,-0.63093376
1879-09-15,-0.55465317
1879-10-15,-0.40881348
1879-11-15,-0.32412338
1879-12-15,-0.38521385
1880-01-15,-0.40607262
1880-02-15,-0.055513382
1880-03-15,0.36254692
1880-04-15,0.556427
1880-05-15,0.3499565
1880-06-15,-0.21569252
1880-07-15,-0.6472626
1880-08-15,-0.6935024
1880-09-15,-0.53793335
1880-10-15,-0.34272385
1880-11-15,-0.23927307
1880-12-15,-0.12625313
1881-01-15,-0.1611824
1881-02-15,0.106817245
1881-03-15,0.59674644
1881-04-15,0.9147663
1881-05-15,0.83613586
1881-06-15,0.32237625
1881-07-15,-0.2175827
1881-08-15,-0.47953415
1881-09-15,-0.48003387
1881-10-15,-0.3538742
1881-11-15,-0.17623329
1881-12-15,-0.10718346
1882-01-15,0.04048729
1882-02-15,0.12105751
1882-03-15,0.36613655
1882-04-15,0.59152603
1882-05-15,0.42733574
1882-06-15,-0.15806389
1882-07-15,-0.5128536
1882-08-15,-0.7149925
1882-09-15,-0.5876827
1882-10-15,-0.38244247
1882-11-15,-0.11659241
1882-12-15,-0.09370422
1883-01-15,-0.17480278
1883-02-15,-0.17933273
1883-03-15,0.13858604
1883-04-15,0.41807747
1883-05-15,0.36920738
1883-06-15,-0.057533264
1883-07-15,-0.52132416
1883-08-15,-0.8029232
1883-09-15,-0.67474365
1883-10-15,-0.5020237
1883-11-15,-0.27697372
1883-12-15,-0.3809433
1884-01-15,-0.34068298
1884-02-15,-0.051403046
1884-03-15,0.12617683
1884-04-15,0.33519745
1884-05-15,0.34747696
1884-06-15,-0.14217377
1884-07-15,-0.61229324
1884-08-15,-0.814703
1884-09-15,-0.55184364
1884-10-15,-0.34825325
1884-11-15,-0.2695942
1884-12-15,-0.2809639
1885-01-15,-0.23478317
1885-02-15,-0.08268356
1885-03-15,0.18954659
1885-04-15,0.36003685
1885-05-15,0.29719734
1885-06-15,-0.262434
1885-07-15,-0.66815376
1885-08-15,-0.74495316
1885-09-15,-0.5273838
1885-10-15,-0.11824417
1885-11-15,0.0027561188
1885-12-15,-0.0730629
1886-01-15,-0.17223358
1886-02-15,-0.052503586
1886-03-15,0.27829742
1886-04-15,0.5797863
1886-05-15,0.4227562
1886-06-15,-0.15772247
1886-07-15,-0.5699825
1886-08-15,-0.90956306
1886-09-15,-0.75419426
1886-10-15,-0.5739441
1886-11-15,-0.4467926
1886-12-15,-0.5751343
1887-01-15,-0.64100266
1887-02-15,-0.40725327
1887-03-15,-0.079683304
1887-04-15,0.18621635
1887-05-15,0.07083702
1887-06-15,-0.28562355
1887-07-15,-0.6534729
1887-08-15,-0.7809639
1887-09-15,-0.6416626
1887-10-15,-0.3727436
1887-11-15,-0.12916374
1887-12-15,-0.14688301
1888-01-15,-0.17150307
1888-02-15,0.10239601
1888-03-15,0.3679161
1888-04-15,0.6196976
1888-05-15,0.61198616
1888-06-15,0.13777733
1888-07-15,-0.36815262
1888-08-15,-0.5743637
1888-09-15,-0.31994247
1888-10-15,0.096847534
1888-11-15,0.27087593
1888-12-15,0.32881737
1889-01-15,0.40878677
1889-02-15,0.4439869
1889-03-15,0.6696358
1889-04-15,0.767107
1889-05-15,0.61247635
1889-06-15,0.13233757
1889-07-15,-0.2774124
1889-08-15,-0.64816284
1889-09-15,-0.6369839
1889-10-15,-0.51719284
1889-11-15,-0.30609322
1889-12-15,-0.30887413
1890-01-15,-0.4817829
1890-02-15,-0.45038414
1890-03-15,-0.076683044
1890-04-15,0.2036457
1890-05-15,0.1857357
1890-06-15,-0.22606277
1890-07-15,-0.7000942
1890-08-15,-1.024723
1890-09-15,-0.9328041
1890-10-15,-0.7140827
1890-11-15,-0.6270237
1890-12-15,-0.43596268
1891-01-15,-0.37446404
1891-02-15,-0.21403313
1891-03-15,0.16646576
1891-04-15,0.554266
1891-05-15,0.5431175
1891-06-15,0.09181595
1891-07-15,-0.39666367
1891-08-15,-0.69543266
1891-09-15,-0.5915241
1891-10-15,-0.23971367
1891-11-15,-0.06895256
1891-12-15,-0.09107399
1892-01-15,-0.091062546
1892-02-15,0.02484703
1892-03-15,0.13560677
1892-04-15,0.28173637
1892-05-15,0.13382721
1892-06-15,-0.39386368
1892-07-15,-0.87405396
1892-08-15,-0.93141365
1892-09-15,-0.7554436
1892-10-15,-0.63796425
1892-11-15,-0.55693245
1892-12-15,-0.5413132
1893-01-15,-0.43479347
1893-02-15,-0.3234024
1893-03-15,-0.07686424
1893-04-15,0.13576698
1893-05-15,0.063806534
1893-06-15,-0.32438278
1893-07-15,-0.72333336
1893-08-15,-0.88721275
1893-09-15,-0.82307243
1893-10-15,-0.659853
1893-11-15,-0.47413254
1893-12-15,-0.5579624
1894-01-15,-0.59797287
1894-02-15,-0.41248322
1894-03-15,-0.09233284
1894-04-15,0.18929672
1894-05-15,0.13551712
1894-06-15,-0.28949356
1894-07-15,-0.72940254
1894-08-15,-0.9395733
1894-09-15,-0.7955437
1894-10-15,-0.5049629
1894-11-15,-0.3298626
1894-12-15,-0.291893
1895-01-15,-0.2624836
1895-02-15,0.0087070465
1895-03-15,0.12493706
1895-04-15,0.41451645
1895-05-15,0.37301636
1895-06-15,-0.03236389
1895-07-15,-0.4400425
1895-08-15,-0.5780525
1895-09-15,-0.433033
1895-10-15,-0.17162323
1895-11-15,-0.08341408
1895-12-15,-0.089473724
1896-01-15,-0.16483307
1896-02-15,0.06753731
1896-03-15,0.45043755
1896-04-15,0.79563713
1896-05-15,0.5563164
1896-06-15,0.06255722
1896-07-15,-0.24176407
1896-08-15,-0.38108253
1896-09-15,-0.30059242
1896-10-15,-0.02752304
1896-11-15,0.271986
1896-12-15,0.33319664
1897-01-15,0.2817974
1897-02-15,0.39147758
1897-03-15,0.70798683
1897-04-15,0.8570671
1897-05-15,0.6503563
1897-06-15,0.17781639
1897-07-15,-0.15192413
1897-08-15,-0.41477394
1897-09-15,-0.35537338
1897-10-15,-0.18885422
1897-11-15,-0.14357376
1897-12-15,-0.14471245
1898-01-15,-0.22528267
1898-02-15,-0.11659241
1898-03-15,0.0509758
1898-04-15,0.2443676
1898-05-15,0.22680664
1898-06-15,-0.19569397
1898-07-15,-0.6713028
1898-08-15,-0.98841286
1898-09-15,-0.79507256
1898-10-15,-0.52763367
1898-11-15,-0.34972382
1898-12-15,-0.41651344
1899-01-15,-0.53051376
1899-02-15,-0.3306942
1899-03-15,0.017745972
1899-04-15,0.23653603
1899-05-15,0.2513771
1899-06-15,-0.1507225
1899-07-15,-0.52947426
1899-08-15,-0.591444
1899-09-15,-0.4503727
1899-10-15,-0.24450302
1899-11-15,0.0059661865
1899-12-15,-0.017812729
1900-01-15,0.010557175
1900-02-15,0.20394707
1900-03-15,0.5289974
1900-04-15,0.7959175
1900-05-15,0.6316662
1900-06-15,0.18402672
1900-07-15,-0.1892128
1900-08-15,-0.46887398
1900-09-15,-0.31771278
1900-10-15,-0.049833298
1900-11-15,0.12556648
1900-12-15,0.07328606
1901-01-15,0.020147324
1901-02-15,0.08675575
1901-03-15,0.42408752
1901-04-15,0.631176
1901-05-15,0.43019676
1901-06-15,-0.076833725
1901-07-15,-0.49916267
1901-08-15,-0.71271324
1901-09-15,-0.6665325
1901-10-15,-0.50533295
1901-11-15,-0.17225266
1901-12-15,-0.25614357
1902-01-15,-0.34967422
1902-02-15,-0.23045349
1902-03-15,0.12538719
1902-04-15,0.49235725
1902-05-15,0.398077
1902-06-15,-0.062072754
1902-07-15,-0.5290432
1902-08-15,-0.6689625
1902-09-15,-0.5848141
1902-10-15,-0.28007317
1902-11-15,-0.15213394
1902-12-15,-0.096652985
1903-01-15,-0.12415314
1903-02-15,-0.051202774
1903-03-15,0.09007645
1903-04-15,0.24217606
1903-05-15,0.16820717
1903-06-15,-0.1966343
1903-07-15,-0.6762543
1903-08-15,-0.99043274
1903-09-15,-0.9328232
1903-10-15,-0.73535347
1903-11-15,-0.692503
1903-12-15,-0.7286339
1904-01-15,-0.82564354
1904-02-15,-0.67095375
1904-03-15,-0.37467384
1904-04-15,-0.047693253
1904-05-15,-0.12522316
1904-06-15,-0.49449348
1904-07-15,-0.86045265
1904-08-15,-1.0114231
1904-09-15,-0.9059334
1904-10-15,-0.57429314
1904-11-15,-0.34384346
1904-12-15,-0.35689354
1905-01-15,-0.3783226
1905-02-15,-0.19008255
1905-03-15,0.14776611
1905-04-15,0.39297676
1905-05-15,0.3552475
1905-06-15,0.014596939
1905-07-15,-0.48783302
1905-08-15,-0.7007942
1905-09-15,-0.55971336
1905-10-15,-0.35435295
1905-11-15,-0.16178322
1905-12-15,-0.12448311
1906-01-15,-0.13124275
1906-02-15,0.029327393
1906-03-15,0.22343636
1906-04-15,0.35507584
1906-05-15,0.19808578
1906-06-15,-0.17852402
1906-07-15,-0.563303
1906-08-15,-0.85684395
1906-09-15,-0.79592323
1906-10-15,-0.5909538
1906-11-15,-0.4521942
1906-12-15,-0.5139637
1907-01-15,-0.4996338
1907-02-15,-0.3719635
1907-03-15,-0.054353714
1907-04-15,0.2013874
1907-05-15,0.12660599
1907-06-15,-0.24412346
1907-07-15,-0.6663227
1907-08-15,-0.8316536
1907-09-15,-0.76789284
1907-10-15,-0.47880363
1907-11-15,-0.33626366
1907-12-15,-0.40163422
1908-01-15,-0.43881416
1908-02-15,-0.31163406
1908-03-15,-0.15179253
1908-04-15,0.083696365
1908-05-15,0.0015258789
1908-06-15,-0.5072632
1908-07-15,-0.9494629
1908-08-15,-1.0945225
1908-09-15,-1.0157738
1908-10-15,-0.7971935
1908-11-15,-0.63825417
1908-12-15,-0.734663
1909-01-15,-0.64619255
1909-02-15,-0.47580338
1909-03-15,-0.16460419
1909-04-15,0.00595665
1909-05-15,-0.016773224
1909-06-15,-0.47828293
1909-07-15,-0.9135933
1909-08-15,-1.111393
1909-09-15,-1.049593
1909-10-15,-0.8581333
1909-11-15,-0.79045296
1909-12-15,-0.7422333
1910-01-15,-0.71645355
1910-02-15,-0.5782528
1910-03-15,-0.38119316
1910-04-15,-0.07912254
1910-05-15,0.026367188
1910-06-15,-0.32702255
1910-07-15,-0.84706306
1910-08-15,-1.1156425
1910-09-15,-0.94646263
1910-10-15,-0.7888832
1910-11-15,-0.6648941
1910-12-15,-0.7098942
1911-01-15,-0.6512432
1911-02-15,-0.50689316
1911-03-15,-0.20469284
1911-04-15,-0.014173508
1911-05-15,-0.12489319
1911-06-15,-0.46694374
1911-07-15,-0.9023628
1911-08-15,-1.056324
1911-09-15,-0.9038124
1911-10-15,-0.54419327
1911-11-15,-0.3322029
1911-12-15,-0.2548542
1912-01-15,-0.249403
1912-02-15,-0.045923233
1912-03-15,0.25429726
1912-04-15,0.509367
1912-05-15,0.40028572
1912-06-15,-0.055664062
1912-07-15,-0.56903267
1912-08-15,-0.8129635
1912-09-15,-0.7755928
1912-10-15,-0.58522415
1912-11-15,-0.4217739
1912-12-15,-0.4897442
1913-01-15,-0.47598267
1913-02-15,-0.26224327
1913-03-15,-0.06646347
1913-04-15,0.16993713
1913-05-15,0.18384743
1913-06-15,-0.23283386
1913-07-15,-0.65839386
1913-08-15,-0.8295727
1913-09-15,-0.78606415
1913-10-15,-0.49827385
1913-11-15,-0.2844429
1913-12-15,-0.19374275
1914-01-15,-0.17016411
1914-02-15,-0.078323364
1914-03-15,0.20098686
1914-04-15,0.43081665
1914-05-15,0.36867714
1914-06-15,-0.16144371
1914-07-15,-0.55288315
1914-08-15,-0.7189541
1914-09-15,-0.5544834
1914-10-15,-0.18526268
1914-11-15,-0.009773254
1914-12-15,0.01987648
1915-01-15,-0.08668327
1915-02-15,0.081645966
1915-03-15,0.4056759
1915-04-15,0.6773071
1915-05-15,0.5812473
1915-06-15,0.13668633
1915-07-15,-0.29662323
1915-08-15,-0.59726334
1915-09-15,-0.5535736
1915-10-15,-0.43510246
1915-11-15,-0.38445282
1915-12-15,-0.362154
1916-01-15,-0.31450272
1916-02-15,-0.18084335
1916-03-15,0.08441734
1916-04-15,0.23029709
1916-05-15,0.13756752
1916-06-15,-0.40909386
1916-07-15,-0.81908417
1916-08-15,-1.0423832
1916-09-15,-1.0200825
1916-10-15,-0.8600426
1916-11-15,-0.8922634
1916-12-15,-1.0228138
1917-01-15,-1.0753441
1917-02-15,-0.90141296
1917-03-15,-0.6057434
1917-04-15,-0.25640297
1917-05-15,-0.15215302
1917-06-15,-0.45874405
1917-07-15,-0.8059025
1917-08-15,-0.9768524
1917-09-15,-0.8988533
1917-10-15,-0.81542397
1917-11-15,-0.65268326
1917-12-15,-0.52407265
1918-01-15,-0.63910294
1918-02-15,-0.5609932
1918-03-15,-0.19468307
1918-04-15,-0.03983307
1918-05-15,0.027496338
1918-06-15,-0.34422302
1918-07-15,-0.57741356
1918-08-15,-0.80480385
1918-09-15,-0.63402367
1918-10-15,-0.2017231
1918-11-15,0.14930725
1918-12-15,0.028575897
1919-01-15,-0.0068740845
1919-02-15,0.08011627
1919-03-15,0.36714745
1919-04-15,0.36647606
1919-05-15,0.24188614
1919-06-15,-0.23655319
1919-07-15,-0.7336731
1919-08-15,-1.1414528
1919-09-15,-0.80464363
1919-10-15,-0.51527405
1919-11-15,-0.4919834
1919-12-15,-0.49458313
1920-01-15,-0.39676285
1920-02-15,-0.045043945
1920-03-15,0.2437973
1920-04-15,0.34842682
1920-05-15,0.21072578
1920-06-15,-0.18559265
1920-07-15,-0.62807274
1920-08-15,-0.8171234
1920-09-15,-0.65665245
1920-10-15,-0.50035286
1920-11-15,-0.3240528
1920-12-15,-0.31051254
1921-01-15,-0.33110428
1921-02-15,-0.34036255
1921-03-15,-0.18645287
1921-04-15,0.13293648
1921-05-15,0.15391731
1921-06-15,-0.19733429
1921-07-15,-0.50723267
1921-08-15,-0.67921257
1921-09-15,-0.580513
1921-10-15,-0.19211388
1921-11-15,-0.11989403
1921-12-15,-0.23638344
1922-01-15,-0.35349274
1922-02-15,-0.23566246
1922-03-15,0.14431572
1922-04-15,0.25755692
1922-05-15,0.24181747
1922-06-15,-0.32258415
1922-07-15,-0.7737236
1922-08-15,-0.9870529
1922-09-15,-0.9341831
1922-10-15,-0.61657333
1922-11-15,-0.43748283
1922-12-15,-0.45243263
1923-01-15,-0.53785324
1923-02-15,-0.43787384
1923-03-15,-0.12540245
1923-04-15,0.2520771
1923-05-15,0.18786621
1923-06-15,-0.18357277
1923-07-15,-0.6192436
1923-08-15,-0.8967228
1923-09-15,-0.7312527
1923-10-15,-0.40719414
1923-11-15,-0.17200279
1923-12-15,-0.09139252
1924-01-15,-0.15798378
1924-02-15,-0.0014038086
1924-03-15,0.36150742
1924-04-15,0.5726471
1924-05-15,0.41796684
1924-06-15,-0.1539936
1924-07-15,-0.6259327
1924-08-15,-1.0080643
1924-09-15,-0.90561295
1924-10-15,-0.7693138
1924-11-15,-0.6840725
1924-12-15,-0.7374134
1925-01-15,-0.7363739
1925-02-15,-0.56394386
1925-03-15,-0.10497284
1925-04-15,0.16740608
1925-05-15,0.20833588
1925-06-15,-0.1361332
1925-07-15,-0.45651245
1925-08-15,-0.66270256
1925-09-15,-0.6147232
1925-10-15,-0.2951336
1925-11-15,-0.047683716
1925-12-15,0.035886765
1926-01-15,0.051546097
1926-02-15,0.17961693
1926-03-15,0.48814583
1926-04-15,0.7074661
1926-05-15,0.6165657
1926-06-15,0.16710663
1926-07-15,-0.30718422
1926-08-15,-0.55163383
1926-09-15,-0.52999306
1926-10-15,-0.39348412
1926-11-15,-0.29061317
1926-12-15,-0.28765297
1927-01-15,-0.36120415
1927-02-15,-0.06939316
1927-03-15,0.11096573
1927-04-15,0.30742645
1927-05-15,0.19462585
1927-06-15,-0.16381264
1927-07-15,-0.5655842
1927-08-15,-0.7268238
1927-09-15,-0.5685539
1927-10-15,-0.35212326
1927-11-15,-0.116313934
1927-12-15,-0.13480377
1928-01-15,-0.1143837
1928-02-15,-0.040252686
1928-03-15,0.18149757
1928-04-15,0.37947655
1928-05-15,0.30609703
1928-06-15,-0.16729355
1928-07-15,-0.59090424
1928-08-15,-0.84721375
1928-09-15,-0.76031303
1928-10-15,-0.60134315
1928-11-15,-0.3640728
1928-12-15,-0.42929268
1929-01-15,-0.49846268
1929-02-15,-0.3278637
1929-03-15,0.01615715
1929-04-15,0.30916595
1929-05-15,0.15057755
1929-06-15,-0.29462242
1929-07-15,-0.6617336
1929-08-15,-0.8167629
1929-09-15,-0.7022934
1929-10-15,-0.46504402
1929-11-15,-0.30566406
1929-12-15,-0.31516266
1930-01-15,-0.41397285
1930-02-15,-0.224123
1930-03-15,0.123176575
1930-04-15,0.44576645
1930-05-15,0.28762627
1930-06-15,-0.12788391
1930-07-15,-0.49249268
1930-08-15,-0.6294136
1930-09-15,-0.39775276
1930-10-15,-0.10519409
1930-11-15,0.09821701
1930-12-15,0.017036438
1931-01-15,0.08809662
1931-02-15,0.25317574
1931-03-15,0.54327583
1931-04-15,0.7191162
1931-05-15,0.6356468
1931-06-15,0.1895771
1931-07-15,-0.2916832
1931-08-15,-0.5781231
1931-09-15,-0.48731422
1931-10-15,-0.34478378
1931-11-15,-0.3095932
1931-12-15,-0.31040382
1932-01-15,-0.38502312
1932-02-15,-0.13811302
1932-03-15,0.21484756
1932-04-15,0.46270752
1932-05-15,0.34698677
1932-06-15,-0.10871315
1932-07-15,-0.56225395
1932-08-15,-0.7091236
1932-09-15,-0.6864033
1932-10-15,-0.5473633
1932-11-15,-0.3963833
1932-12-15,-0.40200424
1933-01-15,-0.3381424
1933-02-15,-0.13666344
1933-03-15,0.13376617
1933-04-15,0.32384682
1933-05-15,0.23044586
1933-06-15,-0.28593254
1933-07-15,-0.72359276
1933-08-15,-0.9577637
1933-09-15,-0.887434
1933-10-15,-0.6924629
1933-11-15,-0.5974331
1933-12-15,-0.6068039
1934-01-15,-0.64772415
1934-02-15,-0.4668026
1934-03-15,-0.15506363
1934-04-15,0.16578674
1934-05-15,0.15340614
1934-06-15,-0.09569359
1934-07-15,-0.50266266
1934-08-15,-0.6416931
1934-09-15,-0.57242393
1934-10-15,-0.3994236
1934-11-15,-0.28432274
1934-12-15,-0.3248024
1935-01-15,-0.35474396
1935-02-15,-0.19320297
1935-03-15,0.045045853
1935-04-15,0.32525635
1935-05-15,0.30854607
1935-06-15,-0.149683
1935-07-15,-0.6013241
1935-08-15,-0.75593376
1935-09-15,-0.6468239
1935-10-15,-0.39351273
1935-11-15,-0.24087334
1935-12-15,-0.27164268
1936-01-15,-0.3173542
1936-02-15,-0.0665741
1936-03-15,0.20619583
1936-04-15,0.5127373
1936-05-15,0.354496
1936-06-15,-0.17630386
1936-07-15,-0.5861931
1936-08-15,-0.6899929
1936-09-15,-0.5725231
1936-10-15,-0.3786335
1936-11-15,-0.28717422
1936-12-15,-0.3516426
1937-01-15,-0.3529129
1937-02-15,-0.040384293
1937-03-15,0.29512596
1937-04-15,0.5085373
1937-05-15,0.4206562
1937-06-15,0.08276749
1937-07-15,-0.37129402
1937-08-15,-0.53788376
1937-09-15,-0.46154404
1937-10-15,-0.30241394
1937-11-15,-0.140234
1937-12-15,-0.14605331
1938-01-15,-0.26195335
1938-02-15,-0.075473785
1938-03-15,0.17297745
1938-04-15,0.29532623
1938-05-15,0.20488739
1938-06-15,-0.26930428
1938-07-15,-0.76153374
1938-08-15,-0.9472027
1938-09-15,-0.85040283
1938-10-15,-0.51696396
1938-11-15,-0.4843235
1938-12-15,-0.5427933
1939-01-15,-0.57697296
1939-02-15,-0.36823273
1939-03-15,0.004945755
1939-04-15,0.34742737
1939-05-15,0.30161667
1939-06-15,-0.00860405
1939-07-15,-0.38926315
1939-08-15,-0.5324726
1939-09-15,-0.50728416
1939-10-15,-0.31985283
1939-11-15,-0.12973404
1939-12-15,0.11921692
1940-01-15,0.22153664
1940-02-15,0.31694603
1940-03-15,0.7088566
1940-04-15,0.8723068
1940-05-15,0.78772736
1940-06-15,0.29223633
1940-07-15,-0.11862373
1940-08-15,-0.21909332
1940-09-15,-0.06571388
1940-10-15,0.09671593
1940-11-15,0.35290718
1940-12-15,0.3183365
1941-01-15,0.44216728
1941-02-15,0.6229458
1941-03-15,0.8818474
1941-04-15,1.0889969
1941-05-15,1.0452366
1941-06-15,0.6439972
1941-07-15,0.15965652
1941-08-15,-0.0646534
1941-09-15,-0.017824173
1941-10-15,0.36076736
1941-11-15,0.55379677
1941-12-15,0.47826576
1942-01-15,0.20065689
1942-02-15,0.3149376
1942-03-15,0.58509636
1942-04-15,0.8109474
1942-05-15,0.70588684
1942-06-15,0.2169857
1942-07-15,-0.35190392
1942-08-15,-0.6171341
1942-09-15,-0.6163826
1942-10-15,-0.4179039
1942-11-15,-0.28731346
1942-12-15,-0.28660393
1943-01-15,-0.26649284
1943-02-15,-0.09056282
1943-03-15,0.1287365
1943-04-15,0.4140663
1943-05-15,0.44295692
1943-06-15,0.028125763
1943-07-15,-0.4183731
1943-08-15,-0.55330276
1943-09-15,-0.40576363
1943-10-15,-0.2397728
1943-11-15,0.013046265
1943-12-15,-0.10477257
1944-01-15,-0.125494
1944-02-15,0.22010612
1944-03-15,0.6957264
1944-04-15,0.9380169
1944-05-15,0.7915859
1944-06-15,0.5020771
1944-07-15,0.08568573
1944-08-15,-0.17266273
1944-09-15,-0.14444351
1944-10-15,-0.05190277
1944-11-15,0.028097153
1944-12-15,0.12504578
1945-01-15,0.21736717
1945-02-15,0.42725754
1945-03-15,0.5324459
1945-04-15,0.7851658
1945-05-15,0.82826614
1945-06-15,0.3624363
1945-07-15,-0.08538246
1945-08-15,-0.22008324
1945-09-15,-0.055253983
1945-10-15,-0.11245346
1945-11-15,0.20654678
1945-12-15,0.19360733
1946-01-15,0.14738655
1946-02-15,0.291996
1946-03-15,0.499197
1946-04-15,0.67012596
1946-05-15,0.5693073
1946-06-15,-0.090423584
1946-07-15,-0.5385933
1946-08-15,-0.8094826
1946-09-15,-0.61857414
1946-10-15,-0.3939438
1946-11-15,-0.32824326
1946-12-15,-0.27127266
1947-01-15,-0.10778427
1947-02-15,0.09627724
1947-03-15,0.37023735
1947-04-15,0.5772171
1947-05-15,0.49829674
1947-06-15,0.13742638
1947-07-15,-0.3715725
1947-08-15,-0.6993828
1947-09-15,-0.74798393
1947-10-15,-0.5564842
1947-11-15,-0.38718414
1947-12-15,-0.27386284
1948-01-15,-0.36486244
1948-02-15,-0.13456345
1948-03-15,0.04550743
1948-04-15,0.49881744
1948-05-15,0.43346596
1948-06-15,-0.08214378
1948-07-15,-0.56549263
1948-08-15,-0.7550335
1948-09-15,-0.8153534
1948-10-15,-0.5690136
1948-11-15,-0.4305725
1948-12-15,-0.29182243
1949-01-15,-0.32277298
1949-02-15,-0.08563423
1949-03-15,0.1941967
1949-04-15,0.44516754
1949-05-15,0.2811966
1949-06-15,-0.17435265
1949-07-15,-0.5180931
1949-08-15,-0.8006325
1949-09-15,-0.7583332
1949-10-15,-0.60347366
1949-11-15,-0.44350243
1949-12-15,-0.46186256
1950-01-15,-0.4014225
1950-02-15,-0.2280426
1950-03-15,0.10962677
1950-04-15,0.32140732
1950-05-15,0.18485641
1950-06-15,-0.11834335
1950-07-15,-0.63575363
1950-08-15,-0.7793827
1950-09-15,-0.80319405
1950-10-15,-0.6112633
1950-11-15,-0.4697132
1950-12-15,-0.5555229
1951-01-15,-0.46040344
1951-02-15,-0.3100834
1951-03-15,0.072006226
1951-04-15,0.3866558
1951-05-15,0.43762589
1951-06-15,0.10163689
1951-07-15,-0.21260262
1951-08-15,-0.52337265
1951-09-15,-0.3225727
1951-10-15,-0.053123474
1951-11-15,0.059705734
1951-12-15,0.019937515
1952-01-15,-0.033123016
1952-02-15,0.16973686
1952-03-15,0.4490261
1952-04-15,0.6718464
1952-05-15,0.527977
1952-06-15,0.06761742
1952-07-15,-0.45240402
1952-08-15,-0.69306374
1952-09-15,-0.50219345
1952-10-15,-0.2932434
1952-11-15,-0.1903534
1952-12-15,-0.15040398
1953-01-15,-0.08222389
1953-02-15,0.15745735
1953-03-15,0.4631176
1953-04-15,0.733057
1953-05-15,0.67051697
1953-06-15,0.26701736
1953-07-15,-0.22743416
1953-08-15,-0.44742393
1953-09-15,-0.42599297
1953-10-15,-0.1895237
1953-11-15,-0.056783676
1953-12-15,-0.052423477
1954-01-15,-0.13372421
1954-02-15,0.035865784
1954-03-15,0.26467705
1954-04-15,0.37111664
1954-05-15,0.2531376
1954-06-15,-0.17357254
1954-07-15,-0.6674938
1954-08-15,-0.8072033
1954-09-15,-0.77498245
1954-10-15,-0.61522293
1954-11-15,-0.46606255
1954-12-15,-0.5698128
1955-01-15,-0.3565731
1955-02-15,-0.25115395
1955-03-15,0.0060768127
1955-04-15,0.13519669
1955-05-15,0.03002739
1955-06-15,-0.3661232
1955-07-15,-0.6755543
1955-08-15,-0.8690624
1955-09-15,-0.756464
1955-10-15,-0.73008347
1955-11-15,-0.5565033
1955-12-15,-0.56422424
1956-01-15,-0.44748306
1956-02-15,-0.28713417
1956-03-15,0.0508461
1956-04-15,0.22068596
1956-05-15,0.105436325
1956-06-15,-0.265213
1956-07-15,-0.67464256
1956-08-15,-0.8456936
1956-09-15,-0.78142357
1956-10-15,-0.54169273
1956-11-15,-0.3356533
1956-12-15,-0.27587318
1957-01-15,-0.26646423
1957-02-15,-0.020393372
1957-03-15,0.4083557
1957-04-15,0.70186615
1957-05-15,0.7762375
1957-06-15,0.3041172
1957-07-15,-0.13332367
1957-08-15,-0.30647278
1957-09-15,-0.29910278
1957-10-15,-0.08777428
1957-11-15,0.07050705
1957-12-15,0.12311745
1958-01-15,0.20913696
1958-02-15,0.45337677
1958-03-15,0.6966667
1958-04-15,0.8671074
1958-05-15,0.67219734
1958-06-15,0.2629261
1958-07-15,-0.18909264
1958-08-15,-0.38217354
1958-09-15,-0.32617378
1958-10-15,-0.15601349
1958-11-15,-0.051914215
1958-12-15,-0.020004272
1959-01-15,0.006006241
1959-02-15,0.21983719
1959-03-15,0.4987774
1959-04-15,0.7594261
1959-05-15,0.62667656
1959-06-15,0.1481266
1959-07-15,-0.34357262
1959-08-15,-0.54826355
1959-09-15,-0.41107368
1959-10-15,-0.16686249
1959-11-15,-0.084983826
1959-12-15,-0.10537338
1960-01-15,-0.1131134
1960-02-15,0.07788658
1960-03-15,0.4744873
1960-04-15,0.67219734
1960-05-15,0.6401558
1960-06-15,0.103055954
1960-07-15,-0.2778225
1960-08-15,-0.5291939
1960-09-15,-0.4085827
1960-10-15,-0.27480316
1960-11-15,-0.11063385
1960-12-15,-0.036302567
1961-01-15,-0.048223495
1961-02-15,0.18056679
1961-03-15,0.4227867
1961-04-15,0.64203644
1961-05-15,0.5708866
1961-06-15,0.13030624
1961-07-15,-0.43670273
1961-08-15,-0.6480942
1961-09-15,-0.59552383
1961-10-15,-0.3797226
1961-11-15,-0.20910263
1961-12-15,-0.17131424
1962-01-15,-0.16807365
1962-02-15,-0.011972427
1962-03-15,0.3314762
1962-04-15,0.5207958
1962-05-15,0.43637657
1962-06-15,0.055286407
1962-07-15,-0.328434
1962-08-15,-0.5114136
1962-09-15,-0.4691124
1962-10-15,-0.26558304
1962-11-15,-0.12275314
1962-12-15,-0.18378258
1963-01-15,-0.12887383
1963-02-15,0.08882713
1963-03-15,0.4518776
1963-04-15,0.746027
1963-05-15,0.6935959
1963-06-15,0.22133636
1963-07-15,-0.16952324
1963-08-15,-0.2973442
1963-09-15,-0.22287369
1963-10-15,-0.020612717
1963-11-15,0.19326591
1963-12-15,0.16366577
1964-01-15,0.14322662
1964-02-15,0.24011612
1964-03-15,0.4388771
1964-04-15,0.58335686
1964-05-15,0.36920738
1964-06-15,-0.015752792
1964-07-15,-0.43879318
1964-08-15,-0.78149414
1964-09-15,-0.7162838
1964-10-15,-0.5043926
1964-11-15,-0.44787407
1964-12-15,-0.536253
1965-01-15,-0.4305935
1965-02-15,-0.09710312
1965-03-15,0.22092628
1965-04-15,0.5720272
1965-05-15,0.52630615
1965-06-15,0.09132576
1965-07-15,-0.36757278
1965-08-15,-0.47455406
1965-09-15,-0.33491325
1965-10-15,-0.069503784
1965-11-15,0.10265732
1965-12-15,0.080976486
1966-01-15,0.04209709
1966-02-15,0.2505474
1966-03-15,0.52074623
1966-04-15,0.7276859
1966-05-15,0.53396606
1966-06-15,0.20807648
1966-07-15,-0.19465256
1966-08-15,-0.49119377
1966-09-15,-0.38760376
1966-10-15,-0.2196331
1966-11-15,-0.028333664
1966-12-15,-0.08682251
1967-01-15,-0.19208336
1967-02-15,-0.06952286
1967-03-15,0.23575592
1967-04-15,0.5370064
1967-05-15,0.50540733
1967-06-15,0.047367096
1967-07-15,-0.45838356
1967-08-15,-0.724823
1967-09-15,-0.6246624
1967-10-15,-0.4595337
1967-11-15,-0.3398342
1967-12-15,-0.3263626
1968-01-15,-0.41337395
1968-02-15,-0.21163368
1968-03-15,0.09781647
1968-04-15,0.40276718
1968-05-15,0.34941673
1968-06-15,0.15692711
1968-07-15,-0.25624275
1968-08-15,-0.4377842
1968-09-15,-0.3060131
1968-10-15,-0.030464172
1968-11-15,0.118967056
1968-12-15,0.17151642
1969-01-15,0.2504158
1969-02-15,0.46240616
1969-03-15,0.7994766
1969-04-15,1.075037
1969-05-15,0.9794674
1969-06-15,0.4277668
1969-07-15,-0.12120247
1969-08-15,-0.31680298
1969-09-15,-0.16991425
1969-10-15,0.094587326
1969-11-15,0.22809601
1969-12-15,0.22397614
1970-01-15,0.237566
1970-02-15,0.31586647
1970-03-15,0.6267967
1970-04-15,0.79462624
1970-05-15,0.6630974
1970-06-15,0.10662651
1970-07-15,-0.38223267
1970-08-15,-0.61450386
1970-09-15,-0.5437832
1970-10-15,-0.36618423
1970-11-15,-0.21804428
1970-12-15,-0.34407425
1971-01-15,-0.38135338
1971-02-15,-0.29320335
1971-03-15,0.026426315
1971-04-15,0.3731575
1971-05-15,0.28774643
1971-06-15,-0.20952415
1971-07-15,-0.6049843
1971-08-15,-0.78502274
1971-09-15,-0.6443825
1971-10-15,-0.52721405
1971-11-15,-0.3753929
1971-12-15,-0.4721527
1972-01-15,-0.24458313
1972-02-15,0.049417496
1972-03-15,0.26044655
1972-04-15,0.6048069
1972-05-15,0.5747566
1972-06-15,0.2664566
1972-07-15,-0.12429428
1972-08-15,-0.2758026
1972-09-15,-0.14189339
1972-10-15,0.2047863
1972-11-15,0.38601685
1972-12-15,0.48189735
1973-01-15,0.4151764
1973-02-15,0.4532776
1973-03-15,0.6758976
1973-04-15,0.8079262
1973-05-15,0.6973667
1973-06-15,0.20998573
1973-07-15,-0.23303413
1973-08-15,-0.47764397
1973-09-15,-0.38812256
1973-10-15,-0.27596283
1973-11-15,-0.21814346
1973-12-15,-0.36452293
1974-01-15,-0.49493408
1974-02-15,-0.30301285
1974-03-15,0.025026321
1974-04-15,0.32606697
1974-05-15,0.35377693
1974-06-15,-0.06346321
1974-07-15,-0.39951324
1974-08-15,-0.555954
1974-09-15,-0.5035038
1974-10-15,-0.37724304
1974-11-15,-0.24817276
1974-12-15,-0.31476402
1975-01-15,-0.3047142
1975-02-15,-0.14430428
1975-03-15,0.12273598
1975-04-15,0.3647461
1975-05-15,0.28904724
1975-06-15,-0.13835335
1975-07-15,-0.50427246
1975-08-15,-0.7674427
1975-09-15,-0.75543404
1975-10-15,-0.61959267
1975-11-15,-0.5602741
1975-12-15,-0.63251305
1976-01-15,-0.6327839
1976-02-15,-0.33799362
1976-03-15,0.016706467
1976-04-15,0.3265667
1976-05-15,0.27194595
1976-06-15,0.00554657
1976-07-15,-0.4025631
1976-08-15,-0.5340729
1976-09-15,-0.4124031
1976-10-15,-0.038553238
1976-11-15,0.12072754
1976-12-15,0.043676376
1977-01-15,0.102817535
1977-02-15,0.23027611
1977-03-15,0.453537
1977-04-15,0.6738663
1977-05-15,0.66685677
1977-06-15,0.3059063
1977-07-15,-0.20309258
1977-08-15,-0.40678406
1977-09-15,-0.28176308
1977-10-15,-0.053043365
1977-11-15,0.07224655
1977-12-15,0.038606644
1978-01-15,0.1254158
1978-02-15,0.21707726
1978-03-15,0.47459602
1978-04-15,0.6310959
1978-05-15,0.5055561
1978-06-15,0.17768669
1978-07-15,-0.23601341
1978-08-15,-0.5147629
1978-09-15,-0.46568298
1978-10-15,-0.26633263
1978-11-15,-0.056093216
1978-12-15,0.00024604797
1979-01-15,0.0803566
1979-02-15,0.210186
1979-03-15,0.56396675
1979-04-15,0.8730869
1979-05-15,0.7385464
1979-06-15,0.36241722
1979-07-15,-0.154253
1979-08-15,-0.34492302
1979-09-15,-0.18803406
1979-10-15,0.03502655
1979-11-15,0.24726677
1979-12-15,0.2708664
1980-01-15,0.2569275
1980-02-15,0.33532715
1980-03-15,0.67362595
1980-04-15,0.90589714
1980-05-15,0.87418747
1980-06-15,0.39732742
1980-07-15,-0.084682465
1980-08-15,-0.33187294
1980-09-15,-0.21131325
1980-10-15,-0.060783386
1980-11-15,0.12443733
1980-12-15,0.06839752
1981-01-15,-0.03445244
1981-02-15,0.08255577
1981-03-15,0.48432732
1981-04-15,0.7096958
1981-05-15,0.6771774
1981-06-15,0.28749657
1981-07-15,-0.15550423
1981-08-15,-0.43481255
1981-09-15,-0.2103939
1981-10-15,0.103897095
1981-11-15,0.20495605
1981-12-15,0.16928673
1982-01-15,0.1327362
1982-02-15,0.22987747
1982-03-15,0.5394459
1982-04-15,0.84028625
1982-05-15,0.82063675
1982-06-15,0.4041462
1982-07-15,-0.11797333
1982-08-15,-0.2993927
1982-09-15,-0.07928276
1982-10-15,0.23829651
1982-11-15,0.37726593
1982-12-15,0.46208572
1983-01-15,0.48096657
1983-02-15,0.6702175
1983-03-15,0.91581726
1983-04-15,1.1261463
1983-05-15,1.0049267
1983-06-15,0.6603966
1983-07-15,0.10213661
1983-08-15,-0.13405418
1983-09-15,-0.12555313
1983-10-15,0.012296677
1983-11-15,0.116666794
1983-12-15,0.14169693
1984-01-15,0.12807655
1984-02-15,0.29789734
1984-03-15,0.64294624
1984-04-15,0.8171768
1984-05-15,0.655077
1984-06-15,0.19802666
1984-07-15,-0.21333313
1984-08-15,-0.40263367
1984-09-15,-0.16887283
1984-10-15,-0.102724075
1984-11-15,-0.0041542053
1984-12-15,-0.10366249
1985-01-15,-0.10682297
1985-02-15,0.11780739
1985-03-15,0.3590374
1985-04-15,0.5576763
1985-05-15,0.5122566
1985-06-15,0.10629654
1985-07-15,-0.26436424
1985-08-15,-0.49031258
1985-09-15,-0.34872246
1985-10-15,-0.15270424
1985-11-15,0.025976181
1985-12-15,0.03422737
1986-01-15,-0.05918312
1986-02-15,0.20640755
1986-03-15,0.47232628
1986-04-15,0.7131367
1986-05-15,0.68258667
1986-06-15,0.31825638
1986-07-15,-0.09303284
1986-08-15,-0.33162308
1986-09-15,-0.21180344
1986-10-15,0.09668732
1986-11-15,0.24927711
1986-12-15,0.19937706
1987-01-15,0.20236588
1987-02-15,0.36564636
1987-03-15,0.81331635
1987-04-15,1.0006561
1987-05-15,1.0758667
1987-06-15,0.65215683
1987-07-15,0.2558365
1987-08-15,0.11451721
1987-09-15,0.24761581
1987-10-15,0.49852753
1987-11-15,0.662117
1987-12-15,0.5097866
1988-01-15,0.50411606
1988-02-15,0.66973686
1988-03-15,0.9712963
1988-04-15,1.0888462
1988-05-15,0.907917
1988-06-15,0.40508652
1988-07-15,-0.05285263
1988-08-15,-0.22714424
1988-09-15,-0.16213417
1988-10-15,-0.06310272
1988-11-15,-0.03583336
1988-12-15,-0.107982635
1989-01-15,-0.11775398
1989-02-15,0.06378746
1989-03-15,0.37579727
1989-04-15,0.65436745
1989-05-15,0.59568596
1989-06-15,0.22924614
1989-07-15,-0.08090401
1989-08-15,-0.28568268
1989-09-15,-0.16524315
1989-10-15,0.026197433
1989-11-15,0.1467762
1989-12-15,0.12815666
1990-01-15,0.07314682
1990-02-15,0.42399597
1990-03-15,0.6774368
1990-04-15,0.9642563
1990-05-15,0.8697758
1990-06-15,0.42066574
1990-07-15,-0.0032634735
1990-08-15,-0.20714378
1990-09-15,-0.11848259
1990-10-15,0.16508675
1990-11-15,0.25588608
1990-12-15,0.24764633
1991-01-15,0.24178696
1991-02-15,0.34568596
1991-03-15,0.65369606
1991-04-15,0.96992683
1991-05-15,0.9441967
1991-06-15,0.56887627
1991-07-15,0.13383675
1991-08-15,-0.14006424
1991-09-15,-0.08795357
1991-10-15,0.08039665
1991-11-15,0.21645737
1991-12-15,0.22581673
1992-01-15,0.20816612
1992-02-15,0.40903664
1992-03-15,0.69290733
1992-04-15,0.9762974
1992-05-15,0.9571762
1992-06-15,0.4885769
1992-07-15,-0.012712479
1992-08-15,-0.29372406
1992-09-15,-0.18551254
1992-10-15,-0.019533157
1992-11-15,0.030126572
1992-12-15,0.0111961365
1993-01-15,0.06676674
1993-02-15,0.25488663
1993-03-15,0.6177769
1993-04-15,0.92725754
1993-05-15,0.92738724
1993-06-15,0.48900604
1993-07-15,-0.043382645
1993-08-15,-0.31384277
1993-09-15,-0.15089417
1993-10-15,0.037496567
1993-11-15,0.25406647
1993-12-15,0.1998272
1994-01-15,0.1524868
1994-02-15,0.29411697
1994-03-15,0.6193161
1994-04-15,0.8834572
1994-05-15,0.8218365
1994-06-15,0.35913658
1994-07-15,-0.13627243
1994-08-15,-0.33964348
1994-09-15,-0.24802399
1994-10-15,0.15646744
1994-11-15,0.3333168
1994-12-15,0.2900257
1995-01-15,0.28688622
1995-02-15,0.505106
1995-03-15,0.784626
1995-04-15,1.0145969
1995-05-15,0.91116714
1995-06-15,0.56803703
1995-07-15,0.11010742
1995-08-15,-0.18178368
1995-09-15,-0.14525414
1995-10-15,0.035596848
1995-11-15,0.19106674
1995-12-15,0.12729645
1996-01-15,0.09524727
1996-02-15,0.33208656
1996-03-15,0.66002655
1996-04-15,0.848196
1996-05-15,0.77884674
1996-06-15,0.41131592
1996-07-15,-0.027353287
1996-08-15,-0.23658371
1996-09-15,-0.13161278
1996-10-15,0.011676788
1996-11-15,0.12011719
1996-12-15,0.049446106
1997-01-15,-0.009502411
1997-02-15,0.15161705
1997-03-15,0.5416775
1997-04-15,0.8311367
1997-05-15,0.88464737
1997-06-15,0.61125755
1997-07-15,0.22631645
1997-08-15,0.05012703
1997-09-15,0.25073624
1997-10-15,0.596756
1997-11-15,0.7764473
1997-12-15,0.8384762
1998-01-15,0.7651863
1998-02-15,1.0016365
1998-03-15,1.2398472
1998-04-15,1.3636265
1998-05-15,1.2391472
1998-06-15,0.7614765
1998-07-15,0.23900604
1998-08-15,0.0064373016
1998-09-15,-0.053684235
1998-10-15,0.086236954
1998-11-15,0.19335747
1998-12-15,0.057645798
1999-01-15,-0.044412613
1999-02-15,0.13648605
1999-03-15,0.5531559
1999-04-15,0.72335625
1999-05-15,0.63017654
1999-06-15,0.18624687
1999-07-15,-0.15571404
1999-08-15,-0.40774345
1999-09-15,-0.30646324
1999-10-15,-0.1619339
1999-11-15,-0.035593033
1999-12-15,-0.017433167
2000-01-15,-0.038272858
2000-02-15,0.17969704
2000-03-15,0.50221634
2000-04-15,0.7702961
2000-05-15,0.6534672
2000-06-15,0.1751976
2000-07-15,-0.18276405
2000-08-15,-0.2956543
2000-09-15,-0.120212555
2000-10-15,0.057697296
2000-11-15,0.14966583
2000-12-15,0.050777435
2001-01-15,0.07989693
2001-02-15,0.26739693
2001-03-15,0.7038975
2001-04-15,0.97307587
2001-05-15,0.9209862
2001-06-15,0.5201359
2001-07-15,0.051546097
2001-08-15,-0.1552639
2001-09-15,-0.06772423
2001-10-15,0.15675735
2001-11-15,0.2636776
2001-12-15,0.23300743
2002-01-15,0.25320625
2002-02-15,0.40002632
2002-03-15,0.8345165
2002-04-15,1.100647
2002-05-15,1.0538673
2002-06-15,0.6921768
2002-07-15,0.14294624
2002-08-15,-0.12409401
2002-09-15,0.015537262
2002-10-15,0.3256569
2002-11-15,0.5104275
2002-12-15,0.5723858
2003-01-15,0.46782684
2003-02-15,0.65306664
2003-03-15,0.9439659
2003-04-15,1.1026859
2003-05-15,0.9569664
2003-06-15,0.5456772
2003-07-15,0.2038269
2003-08-15,0.061466217
2003-09-15,0.16049576
2003-10-15,0.43904686
2003-11-15,0.49590683
2003-12-15,0.41554642
2004-01-15,0.431036
2004-02-15,0.61525726
2004-03-15,0.8298969
2004-04-15,1.0658474
2004-05-15,0.8423767
2004-06-15,0.40428734
2004-07-15,0.043685913
2004-08-15,-0.11075401
2004-09-15,0.09895706
2004-10-15,0.31590652
2004-11-15,0.48204613
2004-12-15,0.4812069
2005-01-15,0.47476578
2005-02-15,0.5912075
2005-03-15,0.9775562
2005-04-15,1.1387463
2005-05-15,1.0744171
2005-06-15,0.5967064
2005-07-15,0.13924599
2005-08-15,-0.043563843
2005-09-15,-0.0068531036
2005-10-15,0.16054726
2005-11-15,0.22962761
2005-12-15,0.21078682
2006-01-15,0.22412682
2006-02-15,0.433527
2006-03-15,0.72063637
2006-04-15,0.9846573
2006-05-15,0.984396
2006-06-15,0.5938072
2006-07-15,0.12882614
2006-08-15,-0.035053253
2006-09-15,0.13828659
2006-10-15,0.3495865
2006-11-15,0.5569267
2006-12-15,0.5514965
2007-01-15,0.4855671
2007-02-15,0.59020615
2007-03-15,0.7698574
2007-04-15,1.0126667
2007-05-15,0.9209175
2007-06-15,0.5795059
2007-07-15,0.10141754
2007-08-15,-0.1885624
2007-09-15,-0.14875412
2007-10-15,-0.041294098
2007-11-15,-0.021074295
2007-12-15,-0.04657364
2008-01-15,-0.046052933
2008-02-15,0.11401749
2008-03-15,0.47154617
2008-04-15,0.76226616
2008-05-15,0.7401161
2008-06-15,0.37057686
2008-07-15,0.012166977
2008-08-15,-0.09343338
2008-09-15,0.04225731
2008-10-15,0.2160263
2008-11-15,0.2975273
2008-12-15,0.24912643
2009-01-15,0.21943665
2009-02-15,0.31054688
2009-03-15,0.7152271
2009-04-15,1.0312958
2009-05-15,1.0917072
2009-06-15,0.7878761
2009-07-15,0.38199615
2009-08-15,0.20232582
2009-09-15,0.24856758
2009-10-15,0.4699173
2009-11-15,0.6067276
2009-12-15,0.6596775
2010-01-15,0.6375675
2010-02-15,0.8252373
2010-03-15,1.161747
2010-04-15,1.394947
2010-05-15,1.2545071
2010-06-15,0.73093605
2010-07-15,0.17896652
2010-08-15,-0.14076424
2010-09-15,-0.13053322
2010-10-15,0.037397385
2010-11-15,0.11344719
2010-12-15,0.06256676
2011-01-15,0.008195877
2011-02-15,0.23985672
2011-03-15,0.583086
2011-04-15,0.82909584
2011-05-15,0.81360626
2011-06-15,0.44198608
2011-07-15,-0.018352509
2011-08-15,-0.22549248
2011-09-15,-0.19895363
2011-10-15,0.006116867
2011-11-15,0.14317703
2011-12-15,0.09865761
2012-01-15,0.09845734
2012-02-15,0.31334686
2012-03-15,0.5924969
2012-04-15,0.9698658
2012-05-15,0.97146606
2012-06-15,0.5412674
2012-07-15,0.095207214
2012-08-15,-0.06728363
2012-09-15,0.073366165
2012-10-15,0.29556656
2012-11-15,0.47686577
2012-12-15,0.46884727
2013-01-15,0.34881592
2013-02-15,0.5221672
2013-03-15,0.8467369
2013-04-15,1.0908165
2013-05-15,0.9961662
2013-06-15,0.49931717
2013-07-15,0.06032753
2013-08-15,-0.10999298
2013-09-15,0.027927399
2013-10-15,0.233387
2013-11-15,0.39535713
2013-12-15,0.3592472
2014-01-15,0.28066635
2014-02-15,0.4075775
2014-03-15,0.78076744
2014-04-15,1.1270275
2014-05-15,1.1931667
2014-06-15,0.8173561
2014-07-15,0.256876
2014-08-15,0.06443596
2014-09-15,0.19760704
2014-10-15,0.44303703
2014-11-15,0.5768776
2014-12-15,0.5455265
2015-01-15,0.48020744
2015-02-15,0.645216
2015-03-15,0.9717865
2015-04-15,1.3038368
2015-05-15,1.3028259
2015-06-15,0.93470573
2015-07-15,0.5121174
2015-08-15,0.35396576
2015-09-15,0.57497597
2015-10-15,0.83908653
2015-11-15,1.0272274
2015-12-15,1.0298462
2016-01-15,1.083086
2016-02-15,1.1117573
2016-03-15,1.4664669
2016-04-15,1.5871162
2016-05-15,1.4214458
2016-06-15,0.98877716
2016-07-15,0.49502754
2016-08-15,0.26330757
2016-09-15,0.2795868
2016-10-15,0.4652176
2016-11-15,0.56700706
2016-12-15,0.55301666
2017-01-15,0.5902462
2017-02-15,0.7165966
2017-03-15,1.072546
2017-04-15,1.316637
2017-05-15,1.2612972
2017-06-15,0.83760643
2017-07-15,0.430336
2017-08-15,0.22755623
2017-09-15,0.22476578
2017-10-15,0.37260628
2017-11-15,0.47933578
2017-12-15,0.32728577
2018-01-15,0.2827072
2018-02-15,0.38459587
2018-03-15,0.734457
2018-04-15,1.0577374
2018-05-15,1.0266361
2018-06-15,0.59054756
2018-07-15,0.19680595
2018-08-15,0.03076744
2018-09-15,0.17241669
2018-10-15,0.49082756
2018-11-15,0.641037
2018-12-15,0.6272068
2019-01-15,0.54904747
2019-02-15,0.7204361
2019-03-15,1.0597172
2019-04-15,1.3483963
2019-05-15,1.2761459
2019-06-15,0.8862457
2019-07-15,0.40955734
2019-08-15,0.14398575
2019-09-15,0.20959663
2019-10-15,0.4766369
2019-11-15,0.6888771
2019-12-15,0.716877
2020-01-15,0.75182724
2020-02-15,0.864666
2020-03-15,1.2348862
2020-04-15,1.4959259
2020-05-15,1.3311272
2020-06-15,0.86104584
2020-07-15,0.4365158
2020-08-15,0.17542648
2020-09-15,0.1392765
2020-10-15,0.26937675
2020-11-15,0.33132744
2020-12-15,0.26631737
2021-01-15,0.17412758
2021-02-15,0.34349632
2021-03-15,0.7114258
2021-04-15,0.9814873
2021-05-15,0.97441673
2021-06-15,0.63064575
2021-07-15,0.26988602
2021-08-15,0.07337761
2021-09-15,0.114637375
2021-10-15,0.28084755
2021-11-15,0.41350746
2021-12-15,0.30510712
2022-01-15,0.36058617
2022-02-15,0.4726963
2022-03-15,0.7999363
2022-04-15,0.98101616
2022-05-15,0.88983727
2022-06-15,0.57800674
2022-07-15,0.0658474
2022-08-15,-0.11511421
2022-09-15,-0.01855278
2022-10-15,0.14897728
2022-11-15,0.29527664
2022-12-15,0.30498695
2023-01-15,0.2941761
2023-02-15,0.5002575
2023-03-15,0.994606
2023-04-15,1.430006
2023-05-15,1.4047565
2023-06-15,1.056076
2023-07-15,0.6781273
2023-08-15,0.5499973
2023-09-15,0.64917755
2023-10-15,0.87270737
2023-11-15,1.0727272
2023-12-15,1.0891762
2024-01-15,1.1467075
2024-02-15,
2024-03-15,
2024-04-15,
2024-05-15,
2024-06-15,
2024-07-15,
2024-08-15,
2024-09-15,
2024-10-15,
2024-11-15,
2024-12-15,
