,X,cat,include,eval_sigma0_est,eval_sigma0_lower,eval_sigma0_upper,eval_shape_est,eval_shape_lower,eval_shape_upper,rp_value,attr_PR_est,attr_PR_lower,attr_PR_upper,attr_dI.abs_est,attr_dI.abs_lower,attr_dI.abs_upper,attr_dI.rel_est,attr_dI.rel_lower,attr_dI.rel_upper,proj_PR_est,proj_PR_lower,proj_PR_upper,proj_dI.abs_est,proj_dI.abs_lower,proj_dI.abs_upper,proj_dI.rel_est,proj_dI.rel_lower,proj_dI.rel_upper,aic_eval,aic_attr,aic_proj,attr_nobs,attr_nsamp,attr_nfailed,proj_nobs,proj_nsamp,proj_nfailed,ystart,yend
CanESM2_r1i1p1_CCLM4-8-17,x ~ gmst (rp100),,Y,1.74782094428609,1.372517730282,2.08102788732179,-0.124800744778945,-0.258468849378101,0.0555500549526599,25.6576424400548,5.86484335749902,1.94550690486523,558.097004348093,1.56583076775765,0.68797684706008,2.37801740026134,6.49943137965907,2.92925060925577,9.79469171908593,4.1002083209066,2.06651016411329,9.11626896448494,1.25428053703762,0.716647477919532,1.88651908863917,4.78618769776551,2.8373629509128,6.99444137508178,322.348740077899,322.348740077899,430.520650142792,76,1000,0,101,1000,0,1950,2050
CanESM2_r1i1p1_REMO2015,x ~ gmst (rp100),,Y,1.87744710469582,1.44277208385638,2.19088546956495,-0.215548416808916,-0.353332461625947,-0.0488742628504102,24.9602752172365,12.5951068979635,2.198109833737,Inf,1.36154805719366,0.47612038910742,2.22580305270917,5.76958260485771,2.05310230463732,9.62844321748228,4.88163728316191,2.55287620853393,10.4669366825662,1.31959217442254,0.824779153462596,1.85204914602689,5.04328165484159,3.25990003542992,6.93946656787864,324.485095187161,324.485095187161,425.986663033737,76,1000,0,101,1000,0,1950,2050
CNRM-CM5_r1i1p1_ALADIN63,x ~ gmst (rp100),,Y,1.5832039136281,1.28094841042263,1.81854165531535,-0.279829133387366,-0.4366070598901,-0.159297880623383,24.396006768605,725.396240359188,0.763472440373791,Inf,1.31479758815929,-0.120471089169788,2.80975695289773,5.69639821675019,-0.503991001495749,12.5051987142762,6.75349767827434,2.53406790834341,15.6005791656439,1.05880530326898,0.406054285558489,1.72435270728663,4.21058007235494,1.66825073449391,6.6294608492403,288.87480599665,288.87480599665,374.278746028318,75,1000,0,100,1000,0,1951,2050
CNRM-CM5_r1i1p1_CCLM4-8-17,x ~ gmst (rp100),,Y,1.69477011923501,1.38164965197755,2.04801535848567,-0.248640786242772,-0.496497692570964,-0.0770202913105282,23.9422876624821,155.693010462144,1.11342661190559,Inf,1.55343365998042,0.0726710729508633,3.21333072469375,6.93842418109852,0.311521220084474,15.2330578023827,3.95081447139241,2.04363881575418,7.22654007246304,1.01552744900779,0.444219400442688,1.59384437956907,4.13622983666,1.90959172651071,6.26034451700178,307.773824548796,307.773824548796,386.944083008938,76,1000,0,101,1000,0,1950,2050
CNRM-CM5_r1i1p1_HadREM3-GA7-05,x ~ gmst (rp100),,Y,3.57433157391921,1.0775099205697,4.99769693399547,-0.541683326274739,-0.826003449339324,0.174706982669506,26.5747793620655,Inf,0.036681955095758,Inf,2.64404496490109,-1.87817232485339,6.32564918476461,11.048741426065,-7.57598276972183,28.70352511637,8.31957470647185,0,15.5133963615181,1.26561979315184,-0.67528572648194,2.14948441782901,4.66609026802615,-2.92850945793732,7.78556813507116,380.787708559188,380.787708559188,488.482111559543,75,1000,0,100,1000,0,1951,2050
CNRM-CM5_r1i1p1_HIRHAM5,x ~ gmst (rp100),,Y,1.38671963330674,1.1517598907238,1.58887462276744,-0.21051027105821,-0.366248489276916,-0.0488628479442735,23.1238234086867,821.991252555777,5.176676235173,Inf,1.89297605673813,0.811490513204363,3.02830728047234,8.91615876350967,3.71475016794946,14.4698254466927,4.65392532795573,1.53827865977682,10.7375404813721,0.808620601027641,0.192360520996976,1.42744518431444,3.51341432432569,0.871249751199744,6.00878503956155,276.787091010629,276.787091010629,366.108852044336,75,1000,0,100,1000,0,1951,2050
CNRM-CM5_r1i1p1_RACMO22E,x ~ gmst (rp100),,Y,1.5370030793536,1.25713501065765,1.7647531057546,-0.0683782925196651,-0.222469361728961,0.0856762155019352,25.7176638294784,10.5803434282208,2.40481394456893,Inf,2.44911721815252,1.20420027602765,3.69467720091095,10.5254413138138,5.0287118972532,16.3759604275547,4.58363573558309,2.30755218010199,9.51041237416185,1.4825682510188,0.80219464748296,2.18311941612581,5.72153042079304,3.33296778027404,8.05448388794058,307.558564559234,307.558564559234,396.569668278227,76,1000,0,101,1000,0,1950,2050
CNRM-CM5_r1i1p1_RCA4,x ~ gmst (rp100),,Y,1.25286079292046,0.971394692934786,1.535958403432,-0.0893254384651604,-0.322829335851826,0.195520909555051,23.2869160082933,19.8638648426973,2.34078921032148,Inf,2.18210937083295,0.743735562213964,3.35107442463272,10.3393952302779,3.48230676925127,15.9679103781135,5.19719724357208,2.37951191928162,10.6320285051085,1.28038726942218,0.513254262348217,1.97062793858586,5.45184424981514,2.33702624290596,7.8774574031263,205.04690458444,205.04690458444,276.476678016778,56,1000,0,81,1000,0,1970,2050
CNRM-CM5_r1i1p1_REMO2015,x ~ gmst (rp100),,Y,1.50898679186274,1.22399852198759,1.75974641373651,-0.155139450689122,-0.354588963207933,0.0491505216871174,25.4337356986307,31.3832885467164,2.35241162523257,Inf,1.97523947139584,0.866840978481724,3.21938217808587,8.42014531648719,3.63471762011373,14.1744295826443,5.13637247327595,2.35880737835578,11.4781808272856,1.2499451908328,0.551137984252614,1.89187714802811,4.83072651575338,2.24216167612198,7.02570022552257,297.970995015012,297.970995015012,384.181486377084,76,1000,0,101,1000,0,1950,2050
EC-EARTH_r12i1p1_CCLM4-8-17,x ~ gmst (rp100),,Y,1.79263731467518,1.36932488111952,2.15256876545579,-0.192195412561187,-0.338128185739758,0.0111080160581995,22.1098222417343,Inf,0.20882167236553,Inf,0.876052765239727,-0.735740052975474,2.91568851573266,4.12575245393665,-3.40300983585555,14.6635636572947,14.6674942438683,2.07154911553075,33.9686152295273,1.74589013277991,0.36422345705285,2.60829885377277,7.09712969562018,1.63356701174942,10.3770784368693,320.452278796399,370.154271376977,485.144046638002,77,1000,0,102,1000,0,1949,2050
EC-EARTH_r12i1p1_COSMO-crCLIM-v1-1,x ~ gmst (rp100),,Y,1.21513387520035,0.917679688796701,1.41210404068713,-0.112250931186264,-0.292970090441276,0.076123753680394,20.4072675188292,2.33927772118037,0.600719880011735,Inf,0.589596882166916,-0.391989457040264,1.62933072106328,2.97510687798077,-1.94053111957394,8.6892793156907,4.79645248780084,2.3603291355518,13.0815463878791,1.23922498209404,0.801474239059491,1.65574459268377,5.62359501982846,3.71629134204603,7.36737533463912,266.814503682758,266.814503682758,347.54375074278,76,1000,0,101,1000,0,1950,2050
EC-EARTH_r12i1p1_HadREM3-GA7-05,x ~ gmst (rp100),,Y,3.305529660259,1.10176416108437,4.51160713113466,-0.656706234208582,-0.909492800492107,0.225798735923061,24.4846527670482,Inf,1.67958685545424,Inf,3.63796036175045,0.540545433069999,4.44425516305685,17.4510195239699,2.47929497212319,21.9836277023627,34.9256450973554,3.42699865185142,50.7210330720349,3.04492979905842,1.43472824678598,3.96559514521828,11.1653372073613,5.74084777088168,14.0028314341575,363.579377696923,363.579377696923,481.810309497061,75,1000,0,100,1000,0,1951,2050
EC-EARTH_r12i1p1_HIRHAM5,x ~ gmst (rp100),,Y,1.49287322873296,1.18572698931492,1.75387964219213,-0.23262638247746,-0.482764871640855,-0.0762115402782413,20.5273775998501,9.51411731787362,0.434406188145383,Inf,0.899114859857363,-0.472128622234101,2.22544406616538,4.58071542941703,-2.34760672411458,11.4150724897118,8.7017849947352,3.80386261413475,24.2981109214991,1.63640385577144,0.995354875605068,2.25486595426249,7.14722895833072,4.55638027942872,9.63140693911405,284.658911164101,284.658911164101,378.913763737998,75,1000,0,100,1000,0,1951,2050
EC-EARTH_r12i1p1_RACMO22E,x ~ gmst (rp100),,Y,1.56803612899495,1.12360683154762,1.92335081246347,-0.125100166884963,-0.389103766090409,0.177178666380721,21.7080229728579,1.4724841949977,0.283815478482551,Inf,0.334488557259103,-0.925083991321356,2.05743086413075,1.56496604985925,-4.26643725259857,10.2827077540325,3.6292601258004,1.54805958798115,13.5012865657353,1.5002087198434,0.89075258135699,2.17287195329815,6.05252095541666,3.66183328982109,8.49618449187276,306.085205113959,306.085205113959,418.0203182051,76,1000,0,101,1000,0,1950,2050
EC-EARTH_r12i1p1_RCA4,x ~ gmst (rp100),,Y,1.22051465224332,0.777744315138624,1.51361973978761,-0.197268120376071,-0.361526211373158,0.156112617347942,20.3728423170988,112438.129217084,2.86524424388752,Inf,2.24526245385034,1.22430901325064,3.23825858134987,12.3858919435922,6.57660916848626,18.1406766386825,14.8249050260483,4.20591180672511,31.2284906690829,1.87905600340964,1.36604208548089,2.32727544514263,8.54068878398752,6.37199398608777,10.2929045283695,194.042228943401,194.042228943401,270.585210016825,56,1000,0,81,1000,0,1970,2050
EC-EARTH_r12i1p1_RegCM4-6,x ~ gmst (rp100),,Y,1.32294698625769,0.97793748302398,1.60235865079288,-0.193890340678271,-0.420564018285637,0.0476018676877735,24.4825229737335,2475.07022209433,3.92723839846421,Inf,2.18251157987818,0.713885640923325,3.51986624045597,9.78704244285528,3.13193007960659,16.2512468288098,8.88229670742771,2.7641744526011,28.5924869183758,1.88723718208405,1.14364495029759,2.77785346564505,7.01775376555527,4.35268560330978,9.98929275646143,203.911179216756,203.911179216756,306.321836844598,56,1000,0,80,1000,0,1970,2049
EC-EARTH_r12i1p1_REMO2015,x ~ gmst (rp100),,Y,1.56289504074082,1.30877222016238,1.85095302806219,-0.111266591148937,-0.433808545992617,0.0352316464205471,22.9851481063492,1.21952296240557,0.331716210895987,Inf,0.176296760793072,-1.08595883212209,1.7980247066913,0.772931341969661,-4.52664790220917,8.63622199820948,3.21658461468906,1.60496102604863,15.4436226735321,1.08388083134781,0.455697943257576,1.73847222344333,4.39122416403541,1.91825801828576,7.01126412993964,306.141516854946,314.021274787283,415.968226672765,78,1000,0,103,1000,0,1948,2050
EC-EARTH_r12i1p1_WRF361H,x ~ gmst (rp100),,Y,1.33588204222901,0.950130413630271,1.75533894787972,-0.190590719447063,-0.6116147239265,0.140199151043293,21.8130070876337,1084.92749086735,2.04215052147336,Inf,2.14768842233295,0.793354730668016,3.54659665875469,10.9211981706786,3.89407689752136,19.3590396223825,7.89847563840269,2.58615348679578,23.2346066706597,1.32420689863442,0.625404429442103,2.03492688860598,5.85860243049981,2.87763575820972,8.652203205397,206.442130573529,206.442130573529,304.510366206334,56,1000,0,81,1000,0,1970,2050
EC-EARTH_r1i1p1_COSMO-crCLIM-v1-1,x ~ gmst (rp100),,Y,1.36983484882112,1.10357674375433,1.58530405281409,-0.0742409847282435,-0.218131132661294,0.0777427099471636,22.1009310042723,4.5515275164392,1.52877285554291,224.54036897024,1.39878721722085,0.499164851956194,2.28603446196056,6.75672641253584,2.45118869418634,11.381033023396,2.51946615280473,1.57796159076941,4.60356638576753,0.997431246182266,0.505225999549516,1.44464910391304,4.40103740199966,2.3878443987349,6.23472696320499,289.372169921142,289.372169921142,366.488759782157,76,1000,0,101,1000,0,1950,2050
EC-EARTH_r1i1p1_HIRHAM5,x ~ gmst (rp100),,Y,1.43983445097805,1.18103687132698,1.64938150692421,-0.241408322764585,-0.382499606205411,-0.104253050577439,20.7474236512037,96.5399638741738,1.9519697740156,Inf,1.31351675330231,0.334485504174153,2.39939458551347,6.75889186977713,1.73586449799441,12.6903450898806,6.73356304217351,3.27633525706001,13.8125950979746,1.12753405415479,0.641548750678,1.62141689909549,5.21456388727994,3.05088374668341,7.25862990661798,279.012702902466,279.012702902466,362.79033842307,75,1000,0,100,1000,0,1951,2050
EC-EARTH_r1i1p1_RACMO22E,x ~ gmst (rp100),,Y,1.63800465393207,1.3811107353402,1.8978302346616,-0.379779764208667,-0.595056351371235,-0.234103816854612,20.5951854954669,Inf,0.920954122631967,Inf,1.31188740998992,-0.022890798214479,2.34506446255515,6.80323150207358,-0.11921937963978,12.3739143093913,8.25874719183986,3.73832588963762,16.2880819706233,1.02695342442733,0.503334744622791,1.57185159950456,4.79038220947851,2.44372978211057,7.03843858113163,290.711530921623,290.711530921623,372.875167759029,76,1000,0,101,1000,0,1950,2050
EC-EARTH_r1i1p1_RCA4,x ~ gmst (rp100),,Y,1.15300332909317,0.908847845782826,1.34786972680417,-0.270373814414087,-0.454563232743222,-0.0765927011498885,19.7132342972878,Inf,2.52293758840544,Inf,1.56900019483812,0.428102255835739,2.70765171254792,8.64737627380089,2.18605360705806,15.693231600582,8.93376094648398,3.56584871232833,22.7637977513196,1.13627866456965,0.717213001269066,1.59451769544154,5.50126924755034,3.5983001769603,7.5120746187452,183.910364618813,183.910364618813,255.159350033725,56,1000,0,81,1000,0,1970,2050
EC-EARTH_r3i1p1_COSMO-crCLIM-v1-1,x ~ gmst (rp100),,Y,1.73385761591941,1.46225292599908,1.94151146504508,-0.285226633328694,-0.479840102687388,-0.145310104251885,21.1313446497113,4.01672538130618,0.181930221434439,Inf,0.537061725441674,-0.799977471014837,1.89848322443521,2.60781949736529,-3.73571836813733,9.53754047058541,2.20032132900416,0.719620505259769,4.22308420776109,0.621448158322323,-0.129080065657864,1.17544053491351,2.78743663780541,-0.646671371393562,5.08830654259272,306.708106394713,306.708106394713,396.477836267734,76,1000,0,101,1000,0,1950,2050
EC-EARTH_r3i1p1_HIRHAM5,x ~ gmst (rp100),,Y,1.56139581390261,1.24504300299521,1.80193299821732,-0.321603538616248,-0.533868495242142,-0.112436033115186,20.6216923742877,Inf,1.01282638079245,Inf,1.39879635042053,0.0195291093391089,2.52617967792759,7.27672016060319,0.0897785713809237,13.5772998303376,3.57915936486734,1.81859230609125,13.8009206507104,1.18950762639949,0.61195161340391,1.74390435096038,5.18490532412919,2.82175255789751,7.25738792367158,285.036560634575,285.036560634575,382.40736528535,75,1000,0,100,1000,0,1951,2050
EC-EARTH_r3i1p1_RACMO22E,x ~ gmst (rp100),,Y,1.72714730507148,1.41812073416417,1.94667675193595,-0.223555514214613,-0.337778534877628,-0.0724896441299491,21.9478589587893,5.64359101276962,0.575995604520305,Inf,0.88803255427765,-0.368579169366743,2.20768873500728,4.21671355319153,-1.71886617063727,11.0246924697098,4.54928266562355,2.1736559456122,10.7079485676127,1.23218413159015,0.594883160811711,1.85798431371435,5.24934895878501,2.62114644688086,7.64781841120513,311.57692018119,311.57692018119,403.881301068466,76,1000,0,101,1000,0,1950,2050
EC-EARTH_r3i1p1_RCA4,x ~ gmst (rp100),,Y,1.09267798567037,0.685202825780071,1.38266866653815,0.0689574926400756,-0.18841957050215,0.516172014727584,21.5670932633449,1.39251663437,0.743023908774029,108.257347239169,0.504753486198595,-0.916667428741439,2.20739824290112,2.39647395084889,-3.58210742761274,11.8388029917658,2.97136341912628,1.45366510846943,8.5766473302104,1.2175081868743,0.765706976337949,1.74719525045828,5.43520111529713,3.35474773324602,7.73478093567479,199.651788634922,199.651788634922,280.507324874576,56,1000,0,81,1000,0,1970,2050
HadGEM2-ES_r1i1p1_ALADIN63,x ~ gmst (rp100),,Y,1.57390408256549,1.23040067107434,1.82957743118982,-0.188013974525516,-0.471289249847792,0.0357317180137363,25.3289478209493,3427.07370283574,7.50234633778729,Inf,2.76275559694888,1.47123590615842,3.84084065444656,12.2428966727073,6.74707311317762,17.1072688301387,8.1992880928849,4.14746706078095,24.5128621898233,1.9605461771712,1.48659528321988,2.38565389542934,7.33327001791167,5.75499748929448,8.76468230974084,296.614111082373,296.614111082373,391.367832173643,75,1000,0,100,1000,0,1951,2050
HadGEM2-ES_r1i1p1_CCLM4-8-17,x ~ gmst (rp100),,Y,1.45846673929001,1.15686185617818,1.7067783681806,-0.100032283889029,-0.333909967122392,0.099035816709204,24.1480440482224,Inf,0.464336950233733,Inf,1.53773703605931,-0.224680723265889,3.05185274789588,6.80104447600863,-0.999403734156551,14.3795119792667,11.7238843163071,2.61539607737795,44.7536195560109,1.64449634100001,0.546902314320413,3.26639548977566,6.35820916645672,2.29675546067049,11.8654974852022,296.953898658273,370.726561857953,481.427916470582,77,1000,0,102,1000,0,1949,2050
HadGEM2-ES_r1i1p1_COSMO-crCLIM-v1-1,x ~ gmst (rp100),,Y,1.31380065998077,1.09280028390146,1.54292393741347,-0.199862602000481,-0.410186371016866,0.00194871526757588,22.2991865824196,553.632721874431,5.6553558031139,Inf,1.88027133247692,1.08979175413067,2.69737483124656,9.20847806781602,5.33977717949093,13.0975416704736,6.79368025375229,3.5451085535988,13.8580033685514,1.36051223039642,0.954854773808074,1.76976042485052,5.84446620417402,4.27222116860491,7.27910012271523,273.015698956657,273.015698956657,358.835256294817,76,1000,0,101,1000,0,1950,2050
HadGEM2-ES_r1i1p1_HadREM3-GA7-05,x ~ gmst (rp100),,Y,3.06572199197818,1.1498993137231,4.15371173725852,-0.723753561843385,-0.940310915057259,-0.0389980520920773,25.6082391502114,Inf,11.6663696144136,Inf,3.90710876208443,0.894576404602039,4.43592096249274,18.0041716362484,4.18437095880116,20.9462087710934,47.7643901034483,7.29093185838886,60.4329598240291,3.54301032620132,2.01919325178076,4.20066380350271,12.2285440864934,7.49749317163397,14.1327086266413,346.812056207336,346.812056207336,468.240569367457,75,1000,0,100,1000,0,1951,2050
HadGEM2-ES_r1i1p1_HIRHAM5,x ~ gmst (rp100),,Y,1.37019433882952,1.08387543591463,1.66177402299905,-0.162878841152995,-0.463901628962153,0.0711824818337451,23.4383226369823,591.516801376774,5.12321309343292,Inf,2.57166278129285,1.69700401253016,3.45596896006274,12.3242665528555,8.1871288574846,16.6175077441031,12.9319174094695,5.65718467429464,27.7451158920074,1.92474924618437,1.4609509651471,2.40786452438996,7.86608657560995,6.20473229799279,9.39443366942749,279.615082171496,279.615082171496,363.493936764539,75,1000,0,100,1000,0,1951,2050
HadGEM2-ES_r1i1p1_RACMO22E,x ~ gmst (rp100),,Y,1.60699900795314,1.32678936799443,1.87025987377033,-0.159276158193773,-0.33990246619699,0.0544794342165563,24.9430731138236,194.384587845934,5.58059016751137,Inf,2.75600922894127,1.66516052987338,3.77634220773938,12.4216942054201,7.57955167329185,16.5274484878506,9.61823639218731,5.12141615669736,18.6298848321218,1.98614075671793,1.45962514035579,2.49106359571101,7.66567034035075,5.81543153691332,9.24516290142986,306.92009317283,306.92009317283,399.366962527668,76,1000,0,101,1000,0,1950,2050
HadGEM2-ES_r1i1p1_RCA4,x ~ gmst (rp100),,Y,1.32989531933883,1.0497289405869,1.6072700016438,-0.21598358008421,-0.59398578796395,-0.0621242526778125,21.7428502511924,556.799972621198,4.12811355982394,Inf,1.69851430957448,0.516295919415857,2.74963101259968,8.47378688184857,2.57035852110322,14.0180805301354,7.59142853288523,3.51840474235946,21.1949117599902,1.4340342223777,0.942058652514714,1.89066224068214,6.22064513701712,4.2384577325135,7.93768433571841,201.92606268816,201.92606268816,283.500080316451,56,1000,0,81,1000,0,1970,2050
HadGEM2-ES_r1i1p1_RegCM4-6,x ~ gmst (rp100),,Y,1.32739510569155,0.967855570456385,1.5592156294173,-0.0660350981418419,-0.265858889639805,0.179558603553535,26.0805305474155,11.1170533850604,2.44871397533969,Inf,2.18523614407755,1.08447618671174,3.33128861575849,9.14504800481675,4.47728978229692,13.7449628329102,5.42203912381566,2.59571182515591,15.4700539107112,1.57382052214324,1.07452044755991,2.08431751917607,5.86532033532043,4.12089230337386,7.58255151610884,212.029520349489,212.029520349489,300.021161709338,56,1000,0,80,1000,0,1970,2049
HadGEM2-ES_r1i1p1_REMO2015,x ~ gmst (rp100),Crazy PR,N,1.39701382558161,1.14883313713629,1.61001578820077,-0.289324651310246,-0.424257912391684,-0.150727893337007,23.5782968379196,Inf,225.951331362662,Inf,2.25187230784022,1.42289794531721,3.08187657009709,10.5590709997548,6.66819056106026,14.507556735046,11.0575422987293,5.51003303302735,23.0386592835892,1.68527990664064,1.26123402647745,2.1367738104453,6.69713081218989,5.18135730402259,8.2114813630676,274.200139452286,274.200139452286,368.320795546297,76,1000,0,101,1000,0,1950,2050
HadGEM2-ES_r1i1p1_WRF361H,x ~ gmst (rp100),,Y,1.51762844374979,1.10202541311281,1.75758754428217,-0.162208690333054,-0.3653254214006,0.0693148003866904,23.3907165052356,39.0094069144308,2.07868037426132,Inf,1.98966470837129,0.762452040984907,3.18128290386414,9.29704169335647,3.46565388440145,15.024691447705,6.06104671418959,2.381773320444,16.836551780097,1.53974448293042,0.934111042991431,2.14906226536854,6.25650818963853,3.91810673624056,8.47124673518895,221.269641412549,221.269641412549,319.617596513946,56,1000,0,81,1000,0,1970,2050
IPSL-CM5A-MR_r1i1p1_HIRHAM5,x ~ gmst (rp100),,Y,1.41948241142314,1.14668503921896,1.66490514649177,-0.181863491663278,-0.419342841402768,0.0252723278230415,23.2811430439952,260.587354271842,3.34659423621316,Inf,2.15282344237835,1.19006469688177,3.04690671330671,10.1892790480773,5.54139703615605,14.7289222186628,3.38954629123991,1.43530934153138,9.84965082480428,0.887253934427626,0.361988386752504,1.37706525790821,3.80740581546099,1.58718361833972,5.8934295730961,282.592522844649,282.592522844649,388.363012419563,75,1000,0,100,1000,0,1951,2050
IPSL-CM5A-MR_r1i1p1_RACMO22E,x ~ gmst (rp100),,Y,1.32025640775293,1.00331221846931,1.58851931312009,0.0101380380702411,-0.218469503770376,0.273409773738344,25.2210816545183,4.80962146387049,1.63183488021979,709.05973763381,2.19559985109417,1.31454793797421,3.01532466471308,9.53552186155625,5.78987774167344,13.24947210702,2.22802894368379,1.3182733323865,5.60891988014689,0.79017596515186,0.289464603738929,1.31104985500107,3.27820172662585,1.24891798515234,5.2115716365405,288.184874462993,288.184874462993,390.041906167014,75,1000,0,100,1000,0,1951,2050
IPSL-CM5A-MR_r1i1p1_RCA4,x ~ gmst (rp100),,Y,0.860020260402081,0.553063138809051,1.03730623954449,-0.0408452180065446,-0.213174557995295,0.407800560609159,20.8582531759045,10.9482463968169,1.35338525942956,Inf,1.6278596439523,0.981844607067698,2.45258631349303,8.46503552435127,4.71395243054929,13.3852176982895,2.95427372227875,1.51812545188796,8.02022801010248,0.745551603793906,0.409231234282514,1.11548634438296,3.56282343094691,1.95199197783197,5.24207925242156,165.472859933039,165.472859933039,241.671079567347,56,1000,0,81,1000,0,1970,2050
IPSL-CM5A-MR_r1i1p1_REMO2015,x ~ gmst (rp100),,Y,1.51110492385542,1.24774714774287,1.72285395586054,-0.05070643553305,-0.255227964852884,0.127999029926018,25.5263508952742,2.93097604194657,1.25230470470617,107.607438807077,1.25617311685881,0.293682589613132,2.2349165551678,5.17578869148617,1.23428293240093,9.45947669813872,1.72543736054559,1.13597125534969,3.86572386836442,0.610824217629744,0.13612174077825,1.0971969043379,2.41169063502745,0.55731194754423,4.23409116489868,306.48711289603,306.48711289603,401.187794539892,76,1000,0,101,1000,0,1950,2050
MIROC5_r1i1p1_CCLM4-8-17,x ~ gmst (rp100),,Y,1.94163336744885,1.61674002237101,2.22844146342929,-0.179683982668233,-0.383500141581701,-0.0423606541807002,26.7829082315414,20.3488142935111,1.55227159414077,Inf,1.97897772374839,0.327498097558274,3.40872767736739,7.97848439031315,1.27006574927937,14.3145040619905,9.95425831168427,4.71366099630433,30.7369163115615,2.32170188689472,1.58266358880336,3.06004679463401,7.96229193996701,5.63060810459478,10.2740835636176,333.389869776305,333.389869776305,437.350853999001,76,1000,0,101,1000,0,1950,2050
MIROC5_r1i1p1_REMO2015,x ~ gmst (rp100),,Y,1.99881460681437,1.50114869970369,2.35293250015719,-0.209871084956679,-0.359459625157534,0.0267544562865786,26.4854701062083,13.3946695166914,0.823501032116727,Inf,1.40428430271903,-0.109729586409655,2.84404061739361,5.59895498451144,-0.426582129040444,11.4397746754306,10.7881898166262,4.43830079460547,23.7912852465256,2.09844682110326,1.18989598554476,3.024693394785,7.28754681770863,4.3394429506939,10.1168668318888,335.264563968383,343.944948177961,446.58406523602,78,1000,0,103,1000,0,1948,2050
MPI-ESM-LR_r1i1p1_ALADIN63,x ~ gmst (rp100),,Y,1.36056482210487,1.12672555168434,1.56002434297235,-0.170811070544,-0.338023251187968,-0.0488895185900282,24.2840536307611,32.3696899871388,3.39481642230386,Inf,1.62756188652666,0.748687092824628,2.48984599484847,7.18364478004782,3.32922251108828,11.2437577290583,9.42138495699713,3.63858618795143,26.757818550343,1.67616626605914,1.01682318444324,2.34620794504928,6.42983494881169,4.04423180094387,8.76278087049858,276.392304601687,276.392304601687,379.830064322056,75,1000,0,100,1000,0,1951,2050
MPI-ESM-LR_r1i1p1_CCLM4-8-17,x ~ gmst (rp100),,Y,1.23124908941042,0.982584824942398,1.43972291687794,-0.162018967806611,-0.333786106145285,0.0121505911714917,19.6263185317394,Inf,0.364043930258731,Inf,0.615881446688448,-0.170645812854542,1.82575970199288,3.23970166458063,-0.900347888451464,9.90550707913933,13.328759011657,2.08797115617674,25.0071795704936,0.86706726798883,0.396763762086439,1.37745066345886,4.182855791999,1.9596332537737,6.37934277222771,266.422884752091,321.192549429041,416.715662806063,77,1000,0,102,1000,0,1949,2050
MPI-ESM-LR_r1i1p1_COSMO-crCLIM-v1-1,x ~ gmst (rp100),,Y,1.19769658809159,1.00197272344888,1.35199457823411,-0.176322313397771,-0.393585015607641,-0.0488369966720783,20.5464238778012,5.24786489038059,0.840048130745906,Inf,0.747314087145448,-0.084384437474677,1.56285783468356,3.77448327246584,-0.421705145679226,8.04245348083864,3.9195443657099,1.64921160498133,11.652183208144,0.818879899525147,0.323704208022185,1.34413850469115,3.7977766086176,1.51655864579615,6.13906534359138,260.033792937248,262.688894701411,356.866326477375,77,1000,0,102,1000,0,1949,2050
MPI-ESM-LR_r1i1p1_HadREM3-GA7-05,x ~ gmst (rp100),,Y,2.81914427947521,1.09261825692118,3.82043459516951,-0.705399515561515,-0.903663633472264,-0.0249760344936254,23.1660567514479,Inf,1.82341455504132,Inf,1.4366449031012,0.393077605457475,2.4976732227001,6.61152226819483,1.78350803036939,11.8305698091061,34.0039971397548,3.68786768423333,58.4513811869977,2.8253844573635,0.984339348727704,4.02926090797385,10.240157938829,4.09695857710038,13.9305832471874,335.525205250397,335.525205250397,463.304296356874,75,1000,0,100,1000,0,1951,2050
MPI-ESM-LR_r1i1p1_HIRHAM5,x ~ gmst (rp100),,Y,1.37376373860528,1.15416250316357,1.55925538447057,-0.219917947330454,-0.40007869834296,-0.081575585520813,21.0713500389341,7.66048268310627,0.789072221777639,Inf,0.821253576706813,-0.0985712347571889,1.70958624886254,4.05555389940342,-0.479030140037163,8.59521021730493,4.82360424102328,1.68210186538011,15.8826136196783,0.897965807151746,0.283155189492198,1.54239348756275,4.05789177020304,1.3346903935427,6.68597520726635,273.583144436857,273.583144436857,377.303596717235,75,1000,0,100,1000,0,1951,2050
MPI-ESM-LR_r1i1p1_RACMO22E,x ~ gmst (rp100),,Y,1.37731035649783,1.11109485252351,1.61448927376872,-0.0872075215150294,-0.213763729442852,0.0558878384279579,22.7055430117343,2.42345997987972,0.879787490759225,17.888746641411,0.788103497743904,-0.1413227585647,1.66658217956342,3.59578269733944,-0.625907091674861,7.62718024080935,2.80682282149298,1.10884666140522,7.82319579009678,0.971131142963554,0.126221058833297,1.73874364479114,4.01382170469585,0.5470140425045,6.89462555699402,289.597692688845,289.597692688845,409.360096873038,76,1000,0,101,1000,0,1950,2050
MPI-ESM-LR_r1i1p1_RCA4,x ~ gmst (rp100),,Y,0.817163039352405,0.672633353330701,0.936516048518258,-0.253013303774019,-0.514764557308361,-0.0994843494519413,19.2682654602786,203459187.191887,2.79070083693109,Inf,1.00057252589686,0.258110532862289,1.77973291133159,5.47727909315619,1.40780002142873,10.1918718111192,11.4674137244451,3.59557089080795,55.0664150929939,1.14964878838545,0.646442162116676,1.72845327765854,5.4625401361946,3.19892536724575,8.20824358593,146.020478817489,146.020478817489,239.117293591938,56,1000,0,81,1000,0,1970,2050
MPI-ESM-LR_r1i1p1_RegCM4-6,x ~ gmst (rp100),,Y,1.4543889381259,1.08095957797787,1.78571783868883,-0.267602717782108,-0.613119382418457,-0.0178539415030414,23.2433075579384,1.62731458169454,0.148602473121395,Inf,0.194605563150123,-1.23343734585631,1.71506357700565,0.844323308072302,-5.00913166157999,8.02005282819037,3.00581266761099,0.918354766348179,11.3492286771598,0.732634343233205,-0.0357830498901772,1.51362329021965,2.94300463937338,-0.154261576271431,5.90380080326018,210.114863482251,210.114863482251,308.498524172897,56,1000,0,80,1000,0,1970,2049
MPI-ESM-LR_r1i1p1_REMO2009,x ~ gmst (rp100),,Y,1.47015468027477,1.25548285161884,1.68436603302951,-0.264816037541233,-0.48180546847394,-0.144469795069711,21.2216336918352,5.46859898128559,0.48838212747046,Inf,0.596065083120976,-0.299126022390701,1.65798676887257,2.88993285193185,-1.39523974489578,8.38197921540008,4.11187649816266,1.16330942406749,20.9447756214286,0.668646606103131,0.0556592295205191,1.40261502965088,3.0474745060521,0.262900715131546,6.24857461010695,283.868126383211,283.868126383211,385.218245957079,76,1000,0,101,1000,0,1950,2050
MPI-ESM-LR_r1i1p1_WRF361H,x ~ gmst (rp100),,Y,1.30725000453346,1.01216928815537,1.58997146657439,-0.281081273096778,-0.544300786008909,-0.0986574942947834,21.1718617231396,452.191006110621,0.813712162914486,Inf,1.04780941049728,-0.121801064238107,2.30982723392416,5.20675157378232,-0.574959888021981,11.8478023551423,4.34985500510172,1.15976667358454,14.0571479835666,0.661946614108832,0.0762069497928489,1.27626703799171,3.05648019465075,0.362241178755109,5.7605491944214,197.070785541974,197.070785541974,284.85927302665,56,1000,0,81,1000,0,1970,2050
MPI-ESM-LR_r2i1p1_COSMO-crCLIM-v1-1,x ~ gmst (rp100),,Y,1.17186487703782,0.962620274810199,1.36520442964107,-0.0403971883642687,-0.184186666722084,0.1097223546443,21.3702424214354,1.77986644561392,0.749790878445041,9.20707425916713,0.556660549478707,-0.286112536752984,1.50218246091293,2.6745062570356,-1.36368450389292,7.34667768721252,3.00818734929456,1.7951642421084,6.46136889359873,0.926799592409509,0.539565176464652,1.36120799315517,4.17918847485054,2.51069847257594,6.00001729459366,269.13467359651,269.13467359651,349.086016412822,76,1000,0,101,1000,0,1950,2050
MPI-ESM-LR_r2i1p1_RCA4,x ~ gmst (rp100),,Y,1.11919283848259,0.850791199727138,1.34268662169568,-0.166611628286066,-0.473899069540989,0.0508148167877141,20.017021119172,2.18411401497261,0.369159536710931,Inf,0.382184303211936,-0.843247115403823,1.90997396390021,1.94646029806206,-4.05290589943995,10.6082332394626,4.21402861203261,2.04351814058392,12.3916431705216,0.885536407610484,0.46193704710458,1.26162686820336,4.15595254620398,2.21383890339817,5.81789361050854,186.537568965548,186.537568965548,263.87402634224,56,1000,0,81,1000,0,1970,2050
MPI-ESM-LR_r2i1p1_REMO2009,x ~ gmst (rp100),,Y,1.53129067070589,1.28256435068549,1.74653687573878,-0.191310650816757,-0.359083208450039,-0.0398460239685291,21.5661406290774,1.44277953545059,0.354409251084218,2020.21059439039,0.225754509064696,-0.828152776909073,1.47582544088534,1.05787452858216,-3.80855644432852,7.17194355183292,2.7460479841137,1.41599533342111,5.82606982203351,0.789397916625834,0.242167939925475,1.36477997284812,3.43271178992105,1.10925684617455,5.66591016004729,296.562966164835,296.562966164835,388.511111163014,76,1000,0,101,1000,0,1950,2050
MPI-ESM-LR_r3i1p1_COSMO-crCLIM-v1-1,x ~ gmst (rp100),,Y,1.20054002454921,0.960113064122084,1.37963320928867,-0.117967405005958,-0.26744903610352,0.0604212717036216,21.1682146702577,3.7616773306851,0.817554315801448,375920.160988426,0.832456740121103,-0.170709015892971,1.88498585101435,4.09356141522241,-0.823430518157923,9.24203819352302,4.18810939145019,1.68169053629149,10.6421469969854,0.878974277137967,0.370302000138247,1.46704042693109,4.03155857089743,1.72413670024207,6.42131441602456,265.974408657472,270.49661111896,357.980330083106,77,1000,0,102,1000,0,1949,2050
MPI-ESM-LR_r3i1p1_RCA4,x ~ gmst (rp100),,Y,1.22145087397743,0.868284771671936,1.53782934183102,-0.284036039859421,-0.584955918000478,0.0612738938428932,20.1139913514244,52.6723213483504,0.412495939501174,Inf,0.787164671871011,-0.58416932481011,1.9740846021986,4.0729121491206,-2.800123565358,10.5523333900347,10.1039132008448,2.89478147479104,22.0087706185551,0.893112803841859,0.372276053187123,1.55545908367422,4.2881237021988,1.86317787554011,7.03604305627962,190.104522513123,190.104522513123,266.439861395021,56,1000,0,81,1000,0,1970,2050
MPI-ESM-LR_r3i1p1_REMO2015,x ~ gmst (rp100),,Y,1.64014733954179,1.30144557768203,1.90196650568921,-0.0400479681594149,-0.21886380607858,0.140979142003493,24.3346341430448,1.72559286915981,0.772843842669058,13.1214151617388,0.739013874779967,-0.3940095351294,2.37210708895128,3.13199596525933,-1.61578095683804,10.1934413575573,2.15016710396335,1.35672653655195,4.58910341846461,0.956919854296228,0.395235610921061,1.61035062709853,3.81917111614746,1.6187099531862,6.14639891273697,320.236608278064,320.236608278064,416.228340279179,76,1000,0,101,1000,0,1950,2050
NorESM1-M_r1i1p1_ALADIN63,x ~ gmst (rp100),,Y,1.19409034022772,0.989655314552025,1.41328024412287,-0.07379770656635,-0.382190244332227,0.0777628941710123,22.9298774957338,14.7917455044647,2.70995802687796,Inf,2.08082619051275,1.19186129286457,3.03168489563876,9.98043584837677,5.76300863900905,15.0118438415073,8.80697073657429,3.64963288355823,33.9252790717665,2.13588626813677,1.64329979824152,2.64686661242301,8.46997473623752,6.67191253054526,10.262748674852,268.784199997489,268.784199997489,357.382300074875,76,1000,0,101,1000,0,1950,2050
NorESM1-M_r1i1p1_COSMO-crCLIM-v1-1,x ~ gmst (rp100),,Y,1.32790314709719,1.04992015377682,1.53827206796933,-0.116972661730137,-0.326074305678702,0.0970179506384458,21.7426873279404,25.6788438152448,2.62753783199028,Inf,2.09640340632087,1.16570938002364,3.25099517710753,10.6707376045498,6.01129039543341,17.2763515175317,6.69944661350527,2.49204193371774,21.9992337044765,1.67558248938268,1.17561594872508,2.18835094011346,7.28243459061698,5.27209164182606,9.33812007802455,280.909574989546,280.909574989546,363.60897721423,76,1000,0,101,1000,0,1950,2050
NorESM1-M_r1i1p1_HadREM3-GA7-05,x ~ gmst (rp100),Crazy shape parameter,N,2.69087536850771,1.31351348119526,3.59175498750525,-0.629295203642991,-0.896014072611084,-0.102138364679405,24.4101636857191,Inf,214.629572667665,Inf,5.13885598932631,2.55259386678222,6.24285250540427,26.6658395490628,12.2984313579077,33.5134447939491,49.3197314344458,17.0790268817422,68.4007941570659,3.53216357096483,2.65667835829429,4.44605862632578,12.9721929637464,10.1066807588529,15.7088111196089,335.530057543331,335.530057543331,444.614487375634,75,1000,0,100,1000,0,1951,2050
NorESM1-M_r1i1p1_HIRHAM5,x ~ gmst (rp100),,Y,1.56214727055977,1.23628292967556,1.82173951117723,-0.189413073278961,-0.513015089374253,-0.0250192236581314,21.35305369682,42.2104946306291,2.47342965459194,Inf,1.7538767162155,0.649678979172749,2.90057507786062,8.94872635698506,3.15436787380936,15.3434056942195,6.99641000300422,2.94972207093009,19.7695143778255,1.68070547566525,1.01420668694362,2.35237973276051,7.28183251276199,4.61001481090609,9.84720916393381,294.527857646087,294.527857646087,388.460675365146,75,1000,0,100,1000,0,1951,2050
NorESM1-M_r1i1p1_RACMO22E,x ~ gmst (rp100),,Y,1.49888051902086,1.1520281577979,1.78309248794276,-0.183208978262842,-0.356618117762619,0.0187498876620869,21.8855265707347,129.667677519859,3.24995058270826,Inf,2.07893719372658,1.01867765436296,3.56976152977197,10.49618969806,4.96087685229283,19.0302514728758,11.3994262860981,5.122792503968,23.1460266726678,2.09975699371177,1.54525099402298,2.70024151575558,8.75846273704192,6.73970655050111,10.8886052975653,294.052961091747,294.052961091747,382.115673382181,76,1000,0,101,1000,0,1950,2050
NorESM1-M_r1i1p1_RCA4,x ~ gmst (rp100),,Y,1.21746851450459,0.936911093929859,1.45954748527503,-0.218836885604277,-0.598061597219841,-0.0110562980165024,19.7773327524181,780.082217062635,2.01244603027926,Inf,1.56012857526846,0.249499664212538,2.87866284208044,8.56403957543264,1.3343437992877,16.5940472213278,15.4815077399494,6.1447640735468,45.3171607014993,1.88103826468823,1.20117668818337,2.47221609980073,8.61720350764479,5.77017220842398,10.9180792277278,193.041146127554,193.041146127554,265.607014062343,56,1000,0,81,1000,0,1970,2050
NorESM1-M_r1i1p1_RegCM4-6,x ~ gmst (rp100),,Y,1.54063377272471,1.05477760875213,1.86578891968797,-0.200132854228666,-0.488191305667716,0.031437283897339,24.7060208692492,Inf,13.4614184165274,Inf,3.79220891717772,2.07332179393022,5.80413621320444,18.1325572108441,9.45653319202637,30.5501131918924,21.4686914965021,6.18375180855051,61.918040826429,3.11147771784177,2.40398281444716,3.78952227801225,11.2126073873942,9.00194997445792,13.3721061443012,218.526835131851,218.526835131851,307.826263597436,56,1000,0,80,1000,0,1970,2049
NorESM1-M_r1i1p1_REMO2015,x ~ gmst (rp100),,Y,1.51092238156946,1.2342570144035,1.72773360726414,-0.0927976612665524,-0.226696149906541,0.0542839466391021,23.8501186483952,14.6398492855453,2.42298210503505,177771.556660661,2.34584449758112,1.02755328880382,3.52706020940332,10.9087360081499,4.86103779795484,16.6508439088416,6.90334875881734,3.10673725686487,17.4625525700096,2.09923122319772,1.50846452995921,2.74683693197961,8.1952545808382,6.05749257957221,10.3930072466871,302.575908752196,302.575908752196,392.6073993089,76,1000,0,101,1000,0,1950,2050
