lat,5.25,5.25,5.25,5.75,5.75,6.25,6.25,6.25,6.75,6.75,6.75,6.75,7.25,7.25,7.25,7.25,7.25,7.75,7.75,7.75,7.75,7.75,7.75,7.75,8.25,8.25,8.25,8.25,8.25,8.25,8.75,8.75,8.75,9.25,9.25,9.25,9.75,9.75,9.75,10.25,10.25,10.25,10.75,10.75,11.25,11.25,11.25,11.25,11.75,11.75,12.25,12.25,12.25,12.25,12.75,13.25,13.25,13.25,13.75,13.75,13.75,13.75,14.25,14.25,14.25,14.25,14.75,15.25,15.25,15.25,15.75,15.75,15.75,16.25,16.25,16.25,16.75,16.75,16.75,16.75,17.25,17.25,17.25,17.25,17.75,17.75,17.75,18.25,18.25,18.25,18.25
lon,118.25,118.75,119.25,118.25,125.25,124.25,124.75,125.25,124.25,124.75,125.25,126.25,122.25,124.25,124.75,125.25,126.25,122.25,123.25,124.25,124.75,125.25,125.75,126.25,123.25,123.75,124.75,125.25,125.75,126.25,125.25,125.75,126.25,118.25,123.25,125.75,118.75,122.75,124.25,119.25,123.25,123.75,122.25,123.25,122.25,122.75,124.75,125.25,122.25,125.25,121.25,123.25,124.75,125.25,121.25,120.75,121.25,123.75,121.25,122.25,123.75,124.25,120.75,121.25,121.75,122.75,121.25,120.25,120.75,121.25,120.25,120.75,121.25,120.75,121.25,121.75,120.75,121.25,121.75,122.25,120.75,121.25,121.75,122.25,120.75,121.25,121.75,120.75,121.25,121.75,122.25
year,,,,,,,,,,,,,,,,,,,,,,,,,,,,,,,,,,,,,,,,,,,,,,,,,,,,,,,,,,,,,,,,,,,,,,,,,,,,,,,,,,,,,,,,,,,
1979,31.681343,31.432762,32.200127,32.407032,34.120453,32.548138,32.680344,33.762154,32.87831,34.670128,33.272522,33.20896,32.92289,33.68704,33.80294,32.09382,30.398048,32.967484,32.99489,30.757605,30.287144,31.436346,32.973156,31.665903,32.93925,32.367558,31.285038,30.65819,33.198235,33.13441,31.803854,33.064682,33.0132,32.146782,31.91345,31.75468,32.68052,32.453667,32.655006,32.580395,32.45175,33.227673,33.918705,33.393913,33.053787,34.2646,32.44584,32.096424,33.781048,32.587822,34.223045,34.045815,33.4414,33.08717,31.483427,32.178104,32.439224,33.193794,33.635483,33.34294,33.10361,32.836895,35.548477,34.726444,33.08524,33.310574,33.510075,34.24161,36.3429,33.504795,34.319252,36.04419,32.67738,29.628399,30.51196,32.762375,26.430717,31.471638,35.031662,33.778347,30.202047,30.282171,35.770954,33.56624,32.18053,32.095833,35.43321,32.960182,32.513634,34.284283,33.385796
1980,31.79814,31.524025,32.30132,32.60454,34.461086,32.61996,32.937145,34.08255,32.636673,34.545338,32.96293,32.99096,32.620277,33.19952,33.34615,31.68179,30.545841,32.98505,33.02251,30.389763,29.978027,31.45967,33.486618,32.607693,32.93034,32.32159,30.88982,30.731148,33.915905,33.852184,32.128853,33.536095,33.548695,31.439333,32.95736,31.86595,31.948566,32.801594,32.594074,31.853735,32.292805,32.829628,33.185055,32.887108,32.00835,33.518913,32.442036,32.058414,32.99984,32.528236,33.61235,35.029,33.50182,33.008694,31.41946,31.899933,32.80169,32.650955,33.62135,33.590702,31.98886,31.286419,35.240124,34.837875,32.99794,33.025837,33.63433,33.506348,36.268753,33.87055,33.876015,36.447887,33.022152,29.491796,30.641024,32.038956,26.213232,31.324041,34.388664,32.63119,29.938011,29.7912,34.792667,32.71379,31.851484,31.504725,34.540173,32.436234,32.376537,34.09632,33.17881
1981,32.349293,31.809086,32.205395,33.31985,34.042664,32.340385,32.51006,33.590084,32.50672,34.39055,33.058586,33.299164,32.690475,33.37751,33.655296,32.06438,30.930395,32.481987,32.7536,30.635138,30.291445,31.66778,33.522083,32.632828,32.53925,32.087635,30.991035,30.916945,33.771675,33.885612,32.192825,33.357475,33.76255,31.896704,31.815662,32.192043,32.433064,32.524235,32.78898,32.36439,32.416428,33.160038,33.28511,33.154747,32.54839,33.93853,33.423683,33.52277,33.4517,33.758343,34.33512,35.03906,34.256435,34.097557,31.780645,32.24803,33.300232,33.339413,33.459908,33.57153,32.978165,32.44189,34.93171,34.285526,33.16788,33.65716,32.83916,33.191204,35.31327,32.810455,34.872078,35.08604,32.204617,30.75008,30.408358,32.416035,27.539995,31.420551,35.055378,33.451046,30.220015,30.204662,35.730568,33.805447,32.622047,32.437706,35.737602,33.66817,33.25237,34.580917,33.54993
1982,31.369473,30.886,31.286089,32.290413,32.395218,30.871826,30.916935,31.942883,31.174511,32.84567,31.62124,31.90309,33.380547,31.927107,32.092518,30.725637,29.58457,32.97974,32.039314,28.977976,28.616205,30.130543,32.217175,31.208504,31.931791,31.087898,29.168549,29.067528,32.350113,32.92785,30.682638,32.06882,32.524376,31.527763,31.797937,30.882318,31.93348,32.525906,32.104347,31.907284,32.269455,32.83009,33.386436,32.974293,32.366497,33.83711,32.08104,31.810387,33.100822,32.221043,32.71811,33.29664,33.0886,32.726856,30.06476,30.549047,31.161175,31.29206,32.402275,32.452404,31.517157,31.076622,33.886887,33.82491,32.24664,32.3538,32.923298,32.423294,35.109318,32.998985,32.847797,35.14553,32.347908,29.87508,30.625637,32.389236,26.770842,31.40016,34.460487,32.612507,29.244547,29.394196,34.71607,32.778873,30.848843,31.058401,34.53724,31.54068,31.875803,33.66967,32.72352
1983,31.91473,31.517601,31.96682,32.749374,34.783924,33.019733,33.304615,34.445,33.124016,35.11683,33.78257,33.68242,32.674442,33.697803,34.018154,32.45391,30.836273,32.716305,32.77794,30.320642,30.18058,31.62424,33.242046,32.098125,32.697624,32.086132,30.88757,30.720455,33.34129,32.78385,32.437023,33.444633,32.701965,32.136284,32.946968,32.272377,32.540516,33.478634,33.32981,32.556934,33.01137,33.34536,33.87639,33.573425,32.894016,34.355625,32.657764,32.536587,33.734287,33.49846,34.69585,34.085625,34.116585,33.873722,31.59338,31.816675,32.745613,33.251076,33.966892,34.01088,32.70443,31.805248,34.67645,34.893024,33.825787,34.31025,33.986553,33.330868,35.895473,33.737232,34.59566,36.0475,32.569702,30.707466,30.636883,32.569546,27.732506,31.85428,35.9434,34.696182,30.270823,31.21218,37.697742,35.651787,31.429617,32.994038,37.85929,32.223675,33.121117,35.208115,34.396534
1984,31.14693,30.624187,31.15295,32.03542,32.445934,30.801262,30.961937,32.022102,31.027718,32.76798,31.417816,31.657337,32.95954,32.130596,32.21036,30.464212,29.199322,32.59221,32.146435,29.446514,29.145563,30.48974,32.257,31.154203,32.04097,31.396467,30.42049,30.093037,32.806526,32.462296,31.831127,32.93337,32.53564,31.94258,32.428078,31.598957,32.472763,32.387375,32.68894,32.39681,31.941992,32.61402,32.170334,32.266777,31.273987,32.76552,32.051945,31.843983,32.219795,32.071716,34.46348,32.66073,32.623905,32.35738,31.554527,31.831995,32.51286,31.838957,33.0411,32.883442,31.559877,30.770754,34.60406,34.060036,32.426975,33.02225,33.070255,33.477608,35.132504,32.678967,34.039303,34.134277,31.733131,30.099026,30.312029,31.618036,27.220224,31.620628,34.338234,32.56953,29.93581,30.684803,36.081562,33.56827,31.217358,32.236916,36.108807,31.549532,31.961353,33.722145,32.781414
1985,31.375263,30.910578,31.315039,32.253178,33.085873,31.622002,31.62849,32.657753,32.08582,33.671204,32.133293,31.978111,32.817036,33.041245,32.96055,31.08563,29.63187,32.78852,32.44628,30.256838,29.986355,31.288465,32.836742,31.83654,32.039906,31.431396,30.88666,31.189302,33.464115,33.16892,31.690191,32.870228,32.897945,31.506832,32.268112,31.405481,32.059933,31.956991,32.29924,32.68606,31.736902,32.198925,32.769493,32.49044,31.795238,33.29702,32.289135,32.599606,32.7685,32.880535,34.302845,34.09175,33.596203,33.232685,31.827202,32.119434,32.962578,32.81204,33.62296,33.797478,32.60024,31.45772,34.24929,34.256027,33.24268,33.995075,33.579735,33.12947,35.557423,33.85696,33.197266,35.001656,33.096077,29.34488,30.528168,32.444855,26.321867,31.298124,34.568214,32.8847,29.7308,29.852413,35.311367,33.05525,31.567291,31.559181,34.94569,32.069942,31.987606,33.393818,32.413246
1986,31.840437,31.452154,31.893091,32.607388,33.727837,32.18256,32.324474,33.421764,32.519547,34.3459,32.937023,33.214424,33.393044,33.514126,33.79522,32.11439,30.915913,33.458202,33.14336,30.387903,30.657818,32.35115,33.799995,32.70949,33.11801,32.25561,31.334766,31.976236,33.978058,33.877792,32.36723,33.852818,33.840683,31.63641,32.99144,32.428852,32.162823,32.881393,33.21087,32.403366,32.199707,33.183205,33.034103,32.62809,32.060585,33.549797,32.861614,32.759487,32.96802,33.401264,33.446144,34.019054,33.396366,33.312492,31.073381,32.17485,33.241314,33.26227,33.763973,34.163704,33.149403,32.636074,34.84621,33.918,33.596714,33.957775,33.393394,33.987755,35.823154,33.42666,34.4862,35.074062,32.517105,30.15135,30.425322,32.68469,27.346764,31.361675,34.372562,32.67939,30.339699,30.058718,35.29935,32.789646,31.515089,31.447264,34.98328,31.617208,31.205477,32.70849,31.880432
1987,31.718622,31.353968,31.906015,32.78407,35.019905,33.307808,33.520206,34.644707,33.336464,35.19531,33.70999,33.475746,34.023537,33.905445,33.997444,32.250267,30.621891,34.20258,33.76921,31.048803,31.046413,32.49143,33.43904,32.07317,33.798965,32.80421,31.796232,32.28052,33.865562,33.484737,32.61996,33.50646,33.059788,33.261658,33.556885,32.208534,33.680264,33.645016,33.582302,33.67903,33.37428,33.97578,34.707775,34.142685,33.522533,34.911198,32.946167,32.67079,34.27728,32.375793,33.965115,34.792908,33.10942,32.821533,31.48608,32.161427,32.878742,33.358788,34.345276,34.57002,33.21063,32.83015,35.70557,35.81472,34.845222,33.493332,35.010628,34.532368,36.691917,34.632366,35.079395,35.887653,33.10933,30.577034,31.114113,32.4453,27.36108,32.03757,34.858242,32.788082,30.29432,30.001444,35.089092,32.678474,32.06725,31.472929,34.570763,33.102867,31.956678,33.05831,32.262833
1988,32.200024,31.763498,32.165718,33.349163,34.922997,33.08213,33.401382,34.596592,33.1815,34.998,33.320545,33.057716,33.701733,33.7401,33.865833,31.75817,30.483269,33.923443,33.558323,30.647377,30.444063,31.806654,33.288834,32.250927,33.462925,32.578938,31.132616,31.290987,33.50395,33.216682,31.918907,32.880695,32.72731,32.21478,33.490364,31.311565,32.737576,32.9029,33.127743,32.595444,32.628365,33.082455,33.78318,33.555824,33.297615,34.86923,32.019024,31.76873,34.480873,32.309856,33.91447,34.566242,33.40314,32.957664,31.348642,31.756441,32.528515,33.489296,33.68082,33.919567,33.37844,32.990776,35.57293,35.18024,33.653973,34.093967,34.4743,35.25727,37.231495,34.36342,35.23827,36.869938,33.11917,30.809994,31.506186,33.191532,27.825504,32.881077,36.178577,34.486362,31.702488,31.687492,37.1316,34.932053,33.415287,33.499977,36.9456,33.801857,33.977226,35.497696,34.513817
1989,31.367382,30.968243,31.380642,31.979708,33.25525,31.534851,31.749622,32.721786,31.805744,33.295517,31.854395,32.167988,33.329624,33.06156,33.211327,31.272894,29.888288,33.087692,32.83085,30.397655,30.29547,31.707489,32.98522,31.781683,32.485146,31.839254,31.15982,31.421825,33.31038,33.38851,32.01892,33.032997,33.266037,31.748026,31.845217,31.863255,32.174046,32.130634,32.130356,32.215935,31.912476,32.622692,32.736835,32.67947,31.947668,33.483078,32.271862,32.383625,32.868282,32.782444,34.4049,33.457485,33.197514,33.137924,31.544441,31.522455,32.018375,32.234108,33.005123,32.90392,32.18842,32.325275,34.610817,33.957714,32.26303,32.51121,32.81246,32.967888,35.379314,33.019783,33.32285,35.038742,32.1705,29.003628,30.161472,32.376053,26.032122,31.215694,35.0115,33.419212,29.497124,29.769869,35.46954,33.407814,31.685099,31.63725,35.094135,32.483967,32.568005,34.090862,33.10319
1990,31.72222,31.197485,31.71328,32.78902,33.90726,32.547237,32.586674,33.532276,32.78444,34.467884,32.92483,33.154762,33.343994,34.195213,34.371655,32.523182,30.852037,33.347343,33.263557,31.571482,31.698402,32.986496,33.917183,32.361767,32.85271,32.540855,32.38299,32.648388,33.980255,33.556267,32.583195,33.702065,33.538723,32.304665,33.428448,32.508617,32.73287,32.95353,33.163498,32.82774,32.62086,32.21671,34.13557,33.427742,33.298985,34.783726,32.45424,32.003876,34.225002,33.03945,35.48785,34.85974,33.794167,33.363804,32.681625,33.610603,34.310966,32.85289,35.145615,34.62235,32.52346,32.476204,35.78827,35.72059,33.99108,33.360596,34.562054,33.713905,36.756607,34.67883,34.665676,36.801765,33.72337,30.51587,31.342958,32.636795,27.522772,32.503906,35.789207,33.994926,31.081661,31.617641,37.326496,34.778313,32.55227,33.207115,37.172253,32.881916,33.045372,34.582516,33.716595
1991,32.06965,31.703989,32.17003,32.765938,34.602585,32.86979,33.11341,34.245193,33.177715,35.055832,33.56922,33.711308,33.12533,33.9914,34.216812,32.64055,31.31634,32.96708,32.57251,30.809092,30.86085,32.293793,33.87171,32.705524,32.156902,31.84744,31.289076,31.502075,33.687935,33.777897,32.110058,33.41046,33.55073,31.305727,32.916862,32.247547,31.73658,32.66018,32.61019,31.781424,32.308384,32.33651,34.21479,33.1059,32.978836,34.239365,32.287247,32.132294,33.761063,32.712685,35.66434,34.233097,33.754795,33.418644,32.37582,32.02581,32.97785,31.864674,33.51176,33.05865,32.196194,32.8759,34.890335,34.665424,32.60987,33.403477,33.75617,33.7753,36.011196,33.698933,34.434456,35.39493,32.278095,29.754917,30.336662,31.7707,26.6765,31.453068,34.50588,32.642097,30.463564,30.530521,36.002266,33.771397,32.674656,32.55312,36.28295,33.63079,33.09031,34.798214,33.98952
1992,33.066055,32.659798,33.051323,33.871254,34.559544,32.97602,33.179497,34.20144,33.290974,35.146458,33.74232,33.649197,33.69134,34.247112,34.510616,32.75759,31.069893,33.666763,33.126484,31.330572,31.409208,32.826603,33.968494,32.458984,32.693222,32.27889,32.115307,32.39752,34.136257,33.961792,33.02244,34.136097,34.111214,32.11697,33.998455,32.99043,32.514038,33.763363,33.699203,32.550343,32.959126,33.564075,32.888287,32.802105,32.465843,33.747677,32.965145,33.22784,33.561855,33.56597,35.96567,34.337383,34.447983,34.046883,33.08311,33.177994,33.56672,32.536747,34.242912,34.03304,32.596684,31.985237,35.469563,34.966557,33.319786,34.169315,34.215885,33.831146,36.42755,34.59976,34.247524,35.678143,34.140625,29.919271,31.495646,33.323406,26.817844,31.854609,35.056007,33.30794,30.289433,30.684872,35.94381,33.606625,31.967632,32.368725,35.774136,32.592606,32.765755,34.267986,33.10764
1993,31.843725,31.39406,32.024475,32.5086,33.836826,32.265553,32.42208,33.521137,32.54214,34.39523,32.894264,32.8257,32.95488,33.345314,33.62638,31.714882,30.388233,32.71961,32.311745,30.314295,30.519508,32.109436,33.621216,32.61784,31.646149,31.348448,31.533674,32.008198,34.455715,34.04396,32.836452,34.06768,33.79332,31.960684,32.44171,32.28712,32.25317,32.07398,33.33976,32.50735,32.13454,33.302742,31.556995,32.44028,31.02586,32.558655,34.104156,33.897587,32.37887,34.13693,36.052383,34.695187,35.654587,34.93148,32.77507,32.47804,33.34961,32.518444,34.32432,34.39775,32.676884,31.89719,35.248764,35.241623,34.19269,34.506016,34.54016,33.01862,36.214947,34.598095,33.929676,36.069378,33.547974,30.085974,31.167486,32.52245,27.107454,32.109764,35.2363,33.355946,30.498034,30.85577,36.5055,34.236027,32.560055,32.75635,36.411385,33.342815,33.108017,34.5156,33.80876
1994,31.813274,31.364197,31.82214,32.543007,33.896206,32.147213,32.38632,33.477547,32.259754,34.128292,32.64387,32.699284,32.466503,32.786392,33.248573,31.33673,29.984505,32.011814,31.48514,29.66194,30.01188,31.53659,32.957165,32.08376,31.193573,30.705294,30.869757,31.182512,33.421017,33.895317,31.664207,32.846962,33.438046,31.697884,32.966515,31.630907,32.104694,32.259197,33.240986,32.012684,31.882254,32.661,31.76006,32.215996,31.084452,32.649303,33.242634,32.858295,32.279003,32.754246,34.720657,33.903618,35.162075,34.177727,31.927504,32.284157,33.562866,32.709484,33.80234,32.97829,32.211346,31.831915,34.597904,34.092083,32.98135,33.34637,33.263847,32.77922,36.000114,34.123844,33.569324,36.11829,33.696705,29.62988,31.151587,32.38635,26.504276,31.576818,34.633896,32.680786,30.363867,30.28356,35.164303,33.146965,32.320934,32.18473,34.998478,32.870155,33.203465,34.752457,33.34258
1995,32.156742,31.741617,32.11316,32.852264,33.761425,32.081585,32.290905,33.412674,32.42313,34.23667,32.646732,32.646896,32.800274,33.380394,33.573566,31.554787,30.0575,32.71643,32.17602,30.503822,30.411077,31.643671,33.044098,31.712654,31.577085,31.434963,31.642908,31.164991,33.375355,32.896038,31.730076,32.61671,32.607193,32.36649,32.419163,31.190046,32.784515,32.50978,32.892784,32.84646,32.08988,32.264217,33.02442,32.361626,31.406271,32.50602,32.388832,32.21584,32.181557,32.611427,36.113094,34.40157,34.120224,33.35826,33.07047,33.048634,33.64789,32.754765,33.748028,33.5806,32.21772,31.296635,34.493668,34.23387,32.78091,33.624775,33.285164,32.927544,35.47139,33.03973,34.019993,35.683598,32.106968,30.416267,30.518938,31.77143,27.369886,31.687761,34.70087,32.927757,30.776546,30.967257,36.23102,33.688248,32.60417,32.765797,36.276672,33.429825,32.719715,34.29302,33.525562
1996,32.804413,32.3875,32.751743,33.62807,32.995937,31.463217,31.509586,32.55686,31.790375,33.463673,31.932497,32.044098,32.434956,32.631207,32.75339,30.963703,29.644987,32.165276,32.01206,29.644606,29.61472,30.999245,32.43801,31.548145,31.554777,31.306997,30.772606,30.383978,32.918667,33.19404,31.155703,32.55407,32.90281,32.07409,32.54137,31.163614,32.591503,31.721537,32.3626,32.515667,31.396166,32.10697,32.07432,31.992945,31.007166,32.345753,32.41865,32.039738,31.849266,32.45036,34.695236,33.839436,33.014187,32.908245,31.654522,31.856544,32.576218,32.0712,33.116573,32.79098,31.330359,30.97011,33.725323,33.680367,32.65328,32.471302,33.19714,32.21191,35.4155,33.366318,32.90116,34.926674,31.861124,28.820795,29.677525,31.34603,26.36216,30.600311,33.885994,32.40622,30.141415,29.448551,34.485855,32.79153,32.02581,31.314991,34.41624,32.2696,32.506226,34.234264,33.295177
1997,32.558838,32.154728,32.53836,33.298862,33.311962,31.647669,31.746258,32.946968,31.97354,33.641445,32.128227,32.197292,32.835552,33.286495,33.241604,31.059958,29.674385,33.030098,32.947422,30.868319,30.647274,31.693796,32.754875,31.458035,32.51966,32.309383,31.610407,31.447672,33.185074,32.593357,31.971392,32.828526,32.54143,32.404663,32.436687,31.822428,32.899708,32.3369,32.937485,32.851974,32.087162,32.948975,33.040092,32.49039,31.560831,32.829025,33.271275,32.90224,32.377815,32.865833,34.867188,34.01325,33.69957,33.294506,31.61454,31.520573,32.67513,32.89445,33.172665,33.221176,32.75776,32.25221,34.34823,34.38288,32.941696,33.57052,33.44712,32.17872,35.13578,33.40631,33.283886,35.028374,32.17167,28.521156,29.747557,31.547417,25.483418,30.514347,33.772366,32.275585,30.05425,29.384325,34.270054,32.155052,32.3674,31.46606,34.049515,33.333916,32.683067,33.91779,32.65014
1998,33.106644,32.706585,33.10076,33.860073,34.984257,33.49229,33.615616,34.68152,33.980473,35.67442,33.917698,33.71344,33.836708,35.07864,35.14941,32.810745,31.050556,33.82166,33.551586,32.161,32.29236,33.496284,34.19866,32.5086,32.973015,32.886135,33.024277,33.370865,34.444866,33.450367,33.64235,34.334904,33.30941,33.590527,32.70325,32.897327,34.004936,33.199455,33.51291,33.984905,32.998985,33.14783,34.327908,33.491722,32.6739,33.66014,34.51472,33.951027,33.119236,34.27936,36.04911,34.639908,34.692646,34.371655,32.659172,32.458015,32.834885,33.228367,33.692314,33.388153,32.647556,32.311893,35.409042,35.152744,33.272392,33.86481,34.665855,33.77963,36.518692,33.999676,34.69682,36.476997,32.525387,29.942844,30.435078,32.3837,26.912481,31.682333,34.88396,33.55024,31.121784,31.147432,36.321426,33.73946,33.09884,33.227577,36.480396,33.784676,33.972794,35.438152,34.212845
1999,31.94794,31.496227,31.936146,32.739765,31.662853,30.35934,30.307251,31.253685,30.97423,32.76217,31.289772,31.837168,33.269,32.293636,32.630802,30.532158,29.44746,32.80709,31.629206,29.603996,29.619032,31.08788,32.601776,31.657429,31.102194,30.817389,30.852434,30.947853,33.21482,33.13394,31.741323,32.775307,32.79398,31.533722,31.362343,31.529062,31.970045,31.512718,31.964712,32.044804,31.044058,31.75659,31.716766,31.449785,30.631327,31.992546,33.24623,32.327885,31.389454,32.001705,33.84212,33.23311,32.586807,32.50842,30.943542,31.139988,31.662703,31.984106,32.371284,32.46919,31.54095,30.962887,32.628437,33.001667,32.240036,32.587147,31.858187,29.688046,32.858696,31.840384,31.471283,33.37813,30.682566,27.98273,28.678022,30.95986,25.360754,29.708963,33.249275,31.806297,29.476213,28.90792,33.41956,31.274933,31.8546,30.601826,33.07264,32.64445,31.793324,32.773956,31.616709
2000,32.303734,31.922571,32.30675,32.92239,32.10833,30.915394,30.805492,31.724607,31.461727,32.99743,31.426685,31.633816,32.17072,32.5165,32.60912,30.638027,29.399286,32.196125,31.967478,29.763433,29.664682,30.955046,32.44503,31.654043,31.456947,31.157782,30.7083,30.56683,33.144577,33.156235,31.864206,33.066452,33.079914,31.491095,32.539623,31.913847,31.754108,31.724003,32.878185,31.650063,31.382517,32.301277,31.906963,31.89131,30.90852,32.163696,33.43644,32.74144,31.849895,32.239075,33.79894,33.685284,33.36931,32.825104,31.160637,31.651793,32.42239,32.301346,32.863163,32.75607,31.43063,31.216951,33.92588,33.292896,31.864384,32.325935,32.33529,31.721327,34.67347,32.39511,32.325153,34.15729,31.364275,28.423252,29.383501,30.942518,25.418457,30.23169,33.428314,31.820263,29.78761,29.238865,33.932056,31.95889,31.940136,31.11801,33.97553,32.559227,32.03459,33.693375,32.597404
2001,32.66994,32.19267,32.539707,33.59937,32.53422,31.095396,31.15443,32.253338,31.656422,33.455456,32.049484,32.180737,32.51495,32.827602,33.141758,31.261084,29.788054,32.491604,32.139637,30.296833,30.344818,31.6496,32.78078,31.452547,31.62553,31.293743,31.47201,31.327002,32.985214,33.066917,31.773493,32.67849,32.649155,32.14939,31.689196,31.497108,32.58713,31.909595,32.25392,32.557842,31.784763,32.351467,32.51017,32.354366,31.555119,32.87234,32.97642,32.14366,32.497395,32.099648,34.784203,33.830555,33.10545,32.570137,31.854282,31.930172,32.4146,32.417255,33.2421,33.02689,31.804264,31.431723,34.256676,33.527412,32.548836,32.896957,32.66111,32.540195,35.90525,33.559727,32.89326,35.220398,32.092045,29.345325,30.089813,31.713634,26.38191,30.763042,33.978447,32.376675,30.043436,29.42423,34.05562,32.33852,32.01638,31.284046,33.786858,32.68751,32.359844,33.83869,32.75777
2002,32.892754,32.488365,32.895134,33.832077,32.89278,31.645643,31.518368,32.609634,32.131493,33.652397,32.359257,32.5077,33.151676,33.051235,33.09033,31.499474,29.988535,32.84824,32.22782,30.0087,30.237253,31.757635,32.836155,31.59441,31.909693,31.425428,31.175299,31.436136,33.2208,32.922375,32.074203,33.12835,32.944523,32.413933,32.359604,31.977924,32.819557,32.463455,33.036243,32.782887,32.185925,33.329292,32.386913,32.616684,31.57071,33.12496,33.922585,32.88167,32.76902,32.839523,34.79931,34.593178,33.425873,33.27401,31.862017,31.895758,32.794678,32.849216,33.5093,33.413235,32.765064,32.83279,34.33172,33.755444,32.493137,33.117832,32.67223,32.21975,35.840755,33.933495,33.108864,35.84862,32.51989,29.539925,30.319311,31.949675,26.720556,31.318079,34.67744,33.089016,30.619083,30.407206,36.05607,33.541027,32.499092,32.212315,35.886833,32.812416,32.85914,34.877567,33.89326
2003,32.486988,32.17537,32.66239,33.63082,33.258423,31.564852,31.777214,33.036686,32.01008,33.995113,32.897446,33.086163,33.186913,33.04806,33.562187,32.102592,30.620281,33.10496,32.67506,30.615414,30.808046,32.297626,33.54584,32.19544,32.079113,31.844196,31.839533,32.02167,33.77599,32.99724,32.55027,33.406456,32.986946,32.797215,32.678516,32.206,33.2682,32.67507,33.201424,33.177437,32.569633,33.399002,33.232,32.952503,31.895098,33.002945,33.67238,32.98182,32.451195,33.50512,34.63271,34.558315,35.01976,34.26172,32.021763,32.620125,32.980507,33.170433,34.104107,33.366123,33.239697,33.106853,35.078365,34.335514,32.989418,33.22737,33.399986,33.166775,36.236656,34.312054,33.631798,35.711514,33.28473,29.561579,30.55135,31.91053,26.641361,31.280151,34.279003,32.23738,30.85572,30.663021,36.080467,33.45877,32.855774,32.59573,36.05624,33.26773,32.709553,34.135532,33.10272
2004,32.22698,31.972069,32.514046,33.394295,33.55878,31.490759,31.75223,33.155228,31.834314,33.858006,33.033123,33.434925,33.356785,32.989674,33.262856,32.1733,30.93624,33.255634,32.67931,30.209217,30.382338,32.048016,33.595024,32.381542,32.336174,31.781527,31.305792,31.646992,33.809307,33.163593,32.692635,33.583252,33.12824,33.097103,32.650845,32.202885,33.620205,32.559284,32.86327,33.490093,32.237923,32.531048,32.679577,32.541447,31.550182,32.75086,33.000664,32.799488,32.252625,33.325367,34.340527,33.756775,33.701057,33.63086,31.89422,32.70564,33.115055,32.236824,34.137722,33.593422,31.866446,31.135773,34.995274,34.229282,33.02616,32.851913,33.063305,33.44012,36.0601,33.730686,33.50759,35.34214,32.470013,29.387997,30.126944,31.398598,26.529879,31.287024,34.19061,32.15745,30.567587,30.36603,35.521446,33.02496,32.379246,32.16039,35.384045,32.840534,32.661747,34.0012,32.940395
2005,32.205246,31.748554,32.11648,33.04929,33.450428,31.962948,32.120476,33.234,32.25997,34.07645,32.878384,32.94978,32.77355,33.11745,33.37968,31.843119,30.553392,33.003098,32.942917,30.480618,30.636293,32.136192,33.475002,32.158043,32.94823,32.40221,31.644365,31.853289,33.672443,32.97382,32.6327,33.337257,32.911743,32.96617,33.37264,32.027676,33.429768,32.827694,33.453327,33.35524,32.258842,32.6621,33.531136,32.805367,32.242573,33.47645,32.948574,32.50316,32.924965,32.96215,34.271152,34.29813,34.14521,33.67445,31.798336,32.466682,32.972157,33.22224,34.2454,34.775097,33.256435,31.837452,35.047318,34.602577,33.721764,33.900143,33.52918,32.747208,36.135384,34.779743,33.99774,36.179996,33.766186,29.723392,30.802525,32.077213,26.53665,31.741875,35.026962,33.101635,30.276281,30.679619,36.51226,34.018944,32.257256,32.605034,36.47434,33.083534,32.77273,34.587322,33.493275
2006,31.833035,31.45111,32.041283,32.729206,32.842346,31.56008,31.529299,32.51456,32.160027,33.787285,32.25965,32.416,32.906837,33.309727,33.31409,31.399101,30.060528,32.94754,32.75209,30.414406,30.22032,31.651972,33.104122,31.885498,32.53322,31.955303,31.176655,31.253477,33.411877,33.15592,31.74908,32.710842,32.94685,32.827457,31.758308,31.470987,33.272213,32.425095,32.503613,33.105488,32.010017,31.931812,33.1158,32.451115,31.649878,32.75759,32.374836,31.975176,32.19563,32.88619,33.815487,33.527596,33.661186,33.426376,31.238272,31.693933,32.098408,32.625565,33.722782,33.528835,32.88463,31.692799,35.13239,34.330105,32.93762,34.062695,32.96763,33.377712,36.116207,33.7555,33.576088,35.418865,32.26036,29.086113,30.082699,31.97034,26.24624,31.625084,35.27171,33.524956,30.651924,31.184519,36.90676,34.494835,32.90207,33.33824,36.97716,33.899616,34.094627,35.772766,34.583496
2007,32.273857,31.888689,32.275574,32.94247,33.490707,31.995955,32.10401,33.221954,32.515743,34.35219,33.026527,33.157417,32.997963,33.615307,33.935806,32.20153,30.664803,32.96636,32.830276,30.98173,31.053442,32.476707,33.546043,32.142174,32.260868,31.911556,31.948425,32.154938,33.74827,33.53514,32.08819,33.372772,33.361095,33.21401,32.684093,32.102688,33.622276,32.49627,32.959843,33.265793,32.28973,32.67478,33.153816,32.79116,31.776423,33.032864,32.81931,32.261745,32.53765,32.817356,34.779358,34.52671,34.209915,33.67158,32.046246,32.63366,32.818645,32.39105,34.053093,34.566418,31.99049,31.346123,35.482403,34.30541,33.460217,33.517403,32.852394,33.64517,36.074158,33.612972,34.18565,35.77161,32.29978,29.523535,30.060032,31.497414,26.535208,31.276464,34.327507,32.768417,30.39148,30.856977,36.284206,33.69676,32.413345,32.95213,36.45263,33.386303,33.585926,35.342186,34.316288
2008,31.860624,31.454287,31.814262,32.550915,32.59855,31.344015,31.333677,32.15363,31.818563,33.386135,31.85625,31.939058,32.34215,32.948643,32.898342,30.943806,29.539099,32.285866,31.923683,29.933105,29.600803,30.845972,32.30925,31.274893,31.309689,30.891903,30.381924,30.273413,32.660088,32.710537,31.352655,32.474804,32.381336,31.630917,31.83243,31.256956,31.991951,31.687618,32.040756,31.68851,31.427921,31.674236,32.247147,31.870602,31.032654,32.210403,32.16874,31.813562,31.58543,32.179386,33.417114,32.94041,33.082508,32.763943,30.787457,31.489489,31.76817,31.61323,32.765804,32.611073,31.416866,30.878618,34.356876,32.979263,31.973269,32.956467,31.920916,32.529133,34.85754,32.58207,33.244164,34.5906,31.404665,28.25004,29.130749,31.094946,25.119532,30.177425,33.767113,32.183285,29.504131,29.51739,35.003662,33.077206,31.963648,31.745974,35.192814,32.657127,33.498745,35.584732,34.3307
2009,32.472557,32.04352,32.402195,33.303947,33.230553,32.052685,31.928637,32.864872,32.672573,34.130974,32.434,32.448093,32.988533,33.83539,33.54305,31.363615,30.031221,32.841373,32.72041,30.853699,30.356459,31.477346,32.868237,32.019394,32.077168,31.847555,31.020592,30.917173,33.260757,33.78581,31.75987,33.104897,33.450115,32.0947,32.65929,31.866232,32.56958,31.939445,33.03036,32.248886,31.588243,32.33791,31.76399,31.944311,30.821089,32.13079,32.951225,32.519573,31.665415,33.18265,33.81019,33.02565,33.509605,33.394173,31.027775,31.802723,32.049576,31.82883,33.24352,32.72653,31.77233,31.974691,34.491997,33.24951,32.143307,32.01147,31.826744,32.37034,35.278538,33.13619,32.691975,34.83793,31.989752,28.245886,29.111935,30.966204,25.405949,29.770489,33.48105,32.019363,28.769594,28.680761,34.056293,32.43011,30.792492,30.621128,34.022186,31.540276,31.99525,33.996452,32.96763
2010,32.84138,32.448887,32.82336,33.41885,34.097042,32.991653,32.903484,33.798336,33.447304,34.99097,33.32385,32.989758,33.990726,34.384743,34.26631,32.13922,30.224878,33.83763,33.263054,31.348837,31.151285,32.34037,33.4023,32.387775,32.398617,32.12865,32.10867,31.999279,34.058464,33.74979,32.748283,33.920704,33.77319,33.126675,33.34053,32.80824,33.458157,33.320423,34.43207,33.222294,33.409657,34.840652,34.09095,33.952366,32.68071,33.861843,32.988434,33.067814,33.33749,33.616344,34.730354,34.70124,35.147568,34.500008,31.903736,32.745895,33.690853,34.206203,34.836624,35.05196,33.602787,32.91631,36.063236,35.329567,34.1719,35.331776,34.05333,34.05546,36.603382,34.552036,34.43866,36.21536,32.91239,29.955347,30.708746,32.58202,27.062675,32.038967,35.534897,33.83502,31.15754,31.153788,36.65515,34.394382,33.090885,33.10057,36.55017,33.53818,33.836212,35.617424,34.43951
2011,31.968725,31.87282,32.646904,32.718834,33.00778,31.69146,31.609968,32.596004,32.197376,33.79559,32.287643,32.436234,33.175102,33.381626,33.349064,31.278465,29.857054,32.8689,32.345936,30.191498,30.264713,31.578207,32.775997,31.744236,31.638517,31.093037,31.297161,31.396492,33.055305,33.63529,31.595238,32.51564,33.226627,31.551607,32.651436,31.331108,31.957945,32.19675,32.48518,31.883993,31.338346,32.067104,31.39041,31.66166,30.751581,32.31221,31.98315,32.113407,31.919588,32.86524,34.1608,32.981503,33.41417,33.125706,31.328962,31.463268,32.15411,31.817566,32.879448,33.345013,32.010567,32.07414,34.01962,32.919014,32.297523,32.260036,32.106106,32.974617,35.358128,32.724937,33.28144,34.99848,31.334406,29.864056,29.834349,31.497627,26.906635,31.3701,34.37183,32.68969,30.055895,30.226402,35.495094,33.369144,31.610518,31.907784,35.372456,32.037327,32.64847,34.581066,33.668964
2012,32.61077,32.078873,32.398388,33.496727,33.105965,31.69047,31.700981,32.72399,32.210484,33.84422,32.366863,32.40766,33.117287,33.49351,33.237328,31.34496,30.123522,32.837566,32.545067,30.506365,30.107243,31.33164,32.927746,32.254,32.231552,31.84656,31.175642,31.073788,33.456326,34.155823,32.01347,33.071796,33.789635,32.34517,33.15438,31.890646,32.80084,32.68006,33.73264,32.56044,31.83062,32.937508,31.558311,31.87385,30.803396,32.3651,32.897182,32.880074,31.822931,33.227253,34.064957,33.737392,33.604176,33.63503,31.557684,32.502586,33.191105,32.752266,33.741215,33.74568,32.890564,32.977665,34.156055,33.50745,32.91334,33.5408,32.630375,32.968594,35.631516,33.695084,33.683693,35.49603,32.3889,29.47752,30.359007,32.503128,26.502312,31.549965,35.094376,33.482323,30.231081,30.34866,35.703964,33.628277,31.843609,32.10577,35.467464,31.989323,32.900196,34.822136,33.470657
2013,32.867527,32.453754,32.814354,33.65602,33.3504,31.815226,31.864391,33.00431,32.299957,33.999527,32.698982,32.90198,32.96453,33.2309,33.50524,31.715384,30.443108,32.892143,32.620876,30.706596,30.658396,31.977175,33.326065,32.71432,31.879557,31.761389,31.731346,31.684315,33.899467,34.28972,32.743748,33.794853,33.851208,32.69141,32.834557,32.453465,33.159363,32.690475,33.0151,32.95079,32.17152,32.746017,31.969532,32.349518,31.16326,32.739204,32.754646,32.301586,32.156155,32.860603,34.799427,33.742188,33.878162,33.420586,32.10368,33.167286,33.755695,33.422333,34.315086,33.995396,33.19495,32.610844,35.088207,34.27614,33.19199,33.78884,33.306095,33.073177,35.601265,33.410442,33.952053,35.334656,32.00602,29.793604,30.084482,32.03918,26.68799,31.169117,35.00043,33.478733,29.839972,30.216698,35.91007,34.036015,31.601961,32.171616,35.88389,31.988317,33.194576,35.426834,34.322033
2014,32.290848,31.898676,32.384403,32.880844,33.75322,32.116287,32.251194,33.447475,32.651344,34.576492,33.42378,33.66959,33.944195,33.92883,34.244247,32.713596,31.077044,33.72624,33.098293,31.264181,31.413172,32.836098,34.06234,32.489822,32.572136,31.984745,32.482914,32.463215,34.09003,33.996708,33.2338,33.960735,33.718605,32.618343,33.3196,32.824554,33.072594,32.866215,32.784595,33.050358,32.070244,33.020775,32.09152,32.303616,31.447166,33.087116,32.86949,32.267353,32.523716,33.096714,34.825783,34.432335,34.1762,33.809757,32.32091,33.03758,33.859657,33.905884,34.57173,34.3239,33.96453,33.72486,35.29515,34.84574,33.596867,34.22032,33.732662,33.63931,36.522957,34.40186,33.965225,35.95472,33.16079,28.916044,30.591082,33.33845,25.88315,31.772331,36.212093,34.680824,30.391222,31.05969,37.183453,35.113735,32.24869,33.045235,37.055347,32.35357,33.68146,35.74077,34.535114
2015,32.889507,32.490704,32.904644,33.81275,33.870823,32.374893,32.367607,33.620342,32.924458,34.55025,33.46511,33.551277,34.076694,33.967552,34.064102,32.63132,30.732882,34.02691,33.38416,31.114256,31.24825,32.615532,33.51584,32.189598,33.180244,32.573643,32.133324,32.1076,34.03139,33.851215,33.00691,34.003647,33.79085,32.7059,33.368206,32.814663,32.975132,33.223335,32.9163,33.07907,32.53169,33.34003,32.562496,32.917458,31.909464,33.58337,33.13488,32.614006,33.062187,33.2531,34.282963,34.423687,33.56764,33.4688,31.9799,32.74506,33.637608,32.740765,34.391705,34.657055,32.816032,33.239346,34.5894,34.369057,33.657097,33.72354,32.877163,32.929848,35.472466,33.916058,34.027668,35.596924,32.711254,28.755625,30.1178,32.223606,25.794243,31.282217,35.156918,33.658493,30.321081,30.579926,36.31476,34.390877,32.05399,32.47315,36.32727,32.081097,33.046707,35.053894,34.24092
2016,32.893265,32.632244,33.1816,33.792336,34.998573,33.57382,33.686108,34.800877,34.07681,35.793823,34.499126,34.429996,33.748512,35.17092,35.322334,33.63206,31.574598,33.779743,33.704163,32.18833,32.414795,33.724136,34.40415,33.126102,33.02223,32.73082,33.137203,33.34608,34.145363,35.11473,33.492558,33.91751,34.542885,33.104366,33.381317,32.787277,33.50775,32.987595,33.274055,33.29633,32.639713,33.540344,32.771385,33.084606,32.19316,33.73027,33.359966,33.098915,33.32725,33.172497,36.30141,34.06068,34.24789,33.810505,33.285942,33.16416,33.70209,33.494835,34.669445,34.265274,33.519695,33.782417,35.840866,34.632717,33.3551,33.750584,33.06094,34.179832,36.490925,33.779446,34.559402,35.960857,32.868217,29.975716,30.711077,31.943275,26.916372,31.77634,35.00859,33.082047,30.463392,30.98653,36.91646,34.25971,32.232548,32.688625,36.856728,32.353077,32.69804,34.27271,33.338505
2017,32.483624,31.950434,32.408276,33.301624,33.635998,32.58682,32.45141,33.227295,33.164585,34.50837,32.87978,32.84035,33.603283,34.271694,34.086266,31.93816,30.33343,33.18959,33.04819,31.348608,31.059326,32.33299,33.499866,32.43628,32.50695,32.127953,32.429268,32.42835,34.354107,33.915413,32.7833,33.84611,33.771774,32.87228,32.977837,32.44783,33.356777,32.50799,32.304974,33.133835,31.877993,32.859947,32.05135,32.218872,31.36312,32.897953,33.073914,32.767193,32.339497,33.316536,35.007202,33.643944,33.63821,33.699623,32.20974,32.63195,33.19303,32.946827,34.067577,33.69429,33.244255,33.336903,34.899773,34.033836,33.02128,33.59615,32.44245,33.603615,36.065933,33.426876,34.335182,35.680218,32.186893,29.118553,29.95812,31.782309,25.873905,31.019571,34.425846,32.88253,29.758913,29.67059,35.105515,32.917156,31.373362,31.391005,34.785946,31.46834,31.828125,33.57851,32.67938
2018,32.662872,32.192394,32.55531,33.50736,34.400776,33.59243,33.39311,34.120693,34.13343,35.49092,33.574684,33.44786,33.849148,35.271843,34.765293,32.559765,30.795568,33.569286,33.452362,31.855204,31.476923,32.56763,33.817917,32.361763,33.077225,32.48498,32.106667,32.24636,34.190205,34.2463,32.956123,33.842052,33.90119,32.791355,33.40917,32.401295,33.1955,32.671368,32.663208,33.00909,32.030315,33.00959,32.01206,32.485737,31.299385,32.971275,33.401608,33.606358,32.323925,34.004295,34.834236,33.610725,33.9523,34.238594,31.75776,32.636185,33.199203,32.7687,33.961178,33.08571,33.31328,34.373177,35.217545,34.006084,32.535812,32.78983,32.68183,33.520134,36.285816,33.77253,34.260597,35.89907,32.27727,28.73515,30.010124,32.4134,25.675531,31.474499,35.723457,34.1476,29.959465,30.784117,37.037292,34.756832,31.794952,32.664284,36.89256,32.186974,32.67796,34.373913,33.56849
2019,32.41823,32.240017,32.77836,33.06855,33.9958,33.454563,33.188698,33.83415,34.255047,35.55207,33.560066,33.265972,34.097473,35.54897,35.14883,32.67153,30.676374,34.02507,34.186028,32.425762,31.881342,32.792828,33.947365,32.799164,33.94595,33.43514,32.438744,32.382767,34.590046,34.311237,33.27838,34.393738,34.049847,32.597137,33.333862,33.171535,33.000916,33.334023,33.034103,32.759605,32.82404,33.957035,32.983025,33.343754,32.328148,33.926876,33.58509,33.31383,33.463737,33.364346,36.392025,33.82347,34.614635,34.12242,33.0618,33.029774,33.944237,33.7636,34.380695,34.540237,33.45464,33.102623,35.33552,34.313786,33.26047,34.16504,32.76588,33.33019,35.645363,32.978184,33.74764,34.84652,31.507597,29.406437,29.871683,32.33876,26.517977,31.429178,34.86476,33.471718,29.996727,30.584028,36.178997,33.590958,31.258951,32.107296,36.082447,31.346697,32.00722,33.969097,33.072617
2020,32.460426,32.098946,32.468582,32.859512,34.223015,33.523544,33.09728,33.89996,34.393898,35.598106,33.857346,33.862885,35.058907,35.840527,35.408184,33.1677,31.150799,34.92782,34.670044,32.58064,31.982243,33.002323,33.94376,32.548653,34.049713,33.563614,32.49396,32.326366,34.063408,34.123943,32.83144,33.69349,33.7426,33.464146,32.59396,32.086758,33.875423,32.79335,32.737514,33.68201,32.240658,33.38032,32.508717,32.87946,31.874777,33.614906,32.48713,32.52892,32.86746,33.4571,36.681072,33.57854,34.029083,33.83864,33.194954,32.896168,33.518974,33.37898,34.364765,33.851704,33.061794,32.99445,35.322346,34.417336,33.116375,33.59216,32.92592,33.813816,36.679012,33.192104,33.404408,34.894966,31.741934,28.471464,29.654303,31.936598,25.645727,31.201881,35.031563,33.32022,29.856266,30.513502,36.587704,34.137142,31.513088,32.350838,36.55087,31.643002,32.68621,34.87373,33.841305
2021,32.87105,32.3384,32.643948,33.674023,31.98145,31.67898,30.910715,31.548256,32.985527,33.932644,32.020435,32.46061,34.4011,34.540104,34.005306,31.668673,30.505205,34.52023,34.16492,31.533787,31.096066,31.95591,33.824146,33.308437,33.723484,33.123238,31.788994,31.475197,34.65703,35.29716,32.580162,34.358192,34.90142,31.948204,34.28275,32.880943,32.2178,33.631344,33.4777,32.085247,32.749138,34.282455,31.398046,32.808704,30.639977,32.606003,33.97656,33.766315,31.795002,34.753418,36.19697,33.523933,34.27593,34.610725,32.825546,32.260303,32.81186,32.670315,33.777866,33.307945,32.75775,33.046448,35.00831,34.322277,32.77775,33.17806,33.021202,34.162884,36.614754,33.341026,34.26108,35.60474,31.752647,30.136908,30.201372,32.23707,27.003212,31.932583,35.67486,33.973305,30.185184,31.141855,37.421707,34.975,31.904776,33.065365,37.50763,32.00631,33.163536,35.13718,34.274807
2022,31.768053,31.27105,31.85989,32.244137,32.262817,30.717323,30.840435,31.88141,31.749382,33.203182,31.849707,32.55408,33.46047,33.402355,32.97967,31.042309,30.164732,33.31505,32.685642,30.47222,30.292706,31.369282,33.23016,32.328243,32.71928,31.97289,31.229319,31.019487,33.70279,33.757298,31.826393,33.27195,33.489613,31.421255,32.61003,32.09013,31.738739,31.995562,31.945248,31.702654,31.035652,32.209904,31.083498,31.301449,30.504717,31.920057,32.29999,32.116722,31.68478,33.032913,35.639183,33.598846,33.41602,33.330723,32.13859,31.723415,31.796112,32.376186,32.716236,32.792168,32.26736,32.582687,34.403336,33.15964,31.79776,32.24257,32.099598,33.748203,36.253853,32.71371,33.959526,35.047768,31.142696,28.484741,29.208315,31.382519,25.569483,30.41197,33.94663,32.518536,29.212067,29.341326,34.59824,32.677784,30.98115,31.275751,34.494217,31.574224,32.38422,34.132282,32.834526
2023,33.08765,32.55618,32.876392,33.906193,33.08668,31.942432,31.805834,32.75207,32.667095,34.285103,32.846325,33.20457,34.693317,34.074963,34.15517,32.358322,30.809969,34.50447,33.79066,31.292662,31.366919,32.553493,33.880825,32.654087,33.757915,32.895596,32.599915,32.24136,34.011612,34.204838,32.547413,33.629433,33.906933,32.57954,32.8096,32.32313,33.093082,32.38245,32.64514,32.937435,31.759357,32.718197,32.23559,32.207615,31.501394,33.062283,33.219368,33.142868,32.303543,34.056534,34.715324,33.799763,34.24277,34.30354,31.66657,31.90412,32.49622,33.063835,33.17388,34.179287,33.823437,33.750004,34.300888,33.000526,32.900826,35.036736,31.994661,33.203106,35.65751,32.850204,33.929176,34.95837,32.123306,28.980225,29.707209,32.678288,25.882105,30.847559,34.807632,33.52267,29.573156,29.722736,35.453613,33.56431,31.350178,31.775259,35.42973,32.062843,32.668335,34.857117,33.77046
2024,32.635696,32.384964,32.918327,33.09424,34.054943,32.692654,32.71829,33.76089,33.530178,35.13616,33.96676,34.43633,34.797115,34.827686,34.936527,33.501102,32.26885,34.43961,34.12708,32.193558,32.608513,34.135685,35.338337,34.161167,33.712723,33.310516,33.720318,33.87544,35.50709,35.014526,33.294178,33.99458,34.029278,33.082165,31.71684,31.946117,33.590607,32.23529,32.237354,33.29994,31.689976,32.126812,32.362675,32.181267,31.76342,33.026516,33.111633,32.192028,32.785458,33.0709,36.260544,33.77935,33.618114,33.3469,33.123592,33.209797,33.310196,32.367027,34.32195,33.819534,32.629482,32.54775,36.26428,34.897503,32.72786,32.84967,33.764153,34.832268,37.252293,34.31602,35.435993,36.418007,33.39177,30.258598,31.23395,32.66167,27.142206,32.331276,35.606796,33.728146,30.605843,31.513454,37.16416,34.67555,31.93391,33.243572,37.216793,31.993713,33.571297,35.501587,34.320736
